signer_id,video_id,spelling,letter_index,letter,minimum_frame,start,end
signer1-F,آئی یونٹ.MP4,آئی یونٹ,0,آ,103,98,108
signer1-F,آئی یونٹ.MP4,آئی یونٹ,1,ئ,118,113,123
signer1-F,آئی یونٹ.MP4,آئی یونٹ,2,ی,148,143,153
signer1-F,آئی یونٹ.MP4,آئی یونٹ,3,ی,173,168,178
signer1-F,آئی یونٹ.MP4,آئی یونٹ,4,و,194,189,199
signer1-F,آئی یونٹ.MP4,آئی یونٹ,5,ن,209,204,214
signer1-F,آئی یونٹ.MP4,آئی یونٹ,6,ٹ,224,219,229
signer1-F,آرٹیکل.MP4,آرٹیکل,0,آ,82,77,87
signer1-F,آرٹیکل.MP4,آرٹیکل,1,ر,107,102,112
signer1-F,آرٹیکل.MP4,آرٹیکل,2,ٹ,130,125,135
signer1-F,آرٹیکل.MP4,آرٹیکل,3,ی,160,155,165
signer1-F,آرٹیکل.MP4,آرٹیکل,4,ک,184,179,189
signer1-F,آرٹیکل.MP4,آرٹیکل,5,ل,204,199,209
signer1-F,آڑو.MP4,آڑو,0,آ,74,69,79
signer1-F,آڑو.MP4,آڑو,1,ڑ,89,84,94
signer1-F,آڑو.MP4,آڑو,2,و,104,99,109
signer1-F,الائیڈ بنک.MP4,الائیڈ بنک,0,ا,61,56,66
signer1-F,الائیڈ بنک.MP4,الائیڈ بنک,1,ل,80,75,85
signer1-F,الائیڈ بنک.MP4,الائیڈ بنک,2,ا,122,117,127
signer1-F,الائیڈ بنک.MP4,الائیڈ بنک,3,ئ,157,152,162
signer1-F,الائیڈ بنک.MP4,الائیڈ بنک,4,ی,248,243,253
signer1-F,الائیڈ بنک.MP4,الائیڈ بنک,5,ڈ,293,288,298
signer1-F,الائیڈ بنک.MP4,الائیڈ بنک,6,ب,308,303,313
signer1-F,الائیڈ بنک.MP4,الائیڈ بنک,7,ن,346,341,351
signer1-F,الائیڈ بنک.MP4,الائیڈ بنک,8,ک,361,356,366
signer1-F,الحبیب بنک.MP4,الحبیب بنک,0,ا,85,80,90
signer1-F,الحبیب بنک.MP4,الحبیب بنک,1,ل,100,95,105
signer1-F,الحبیب بنک.MP4,الحبیب بنک,2,ح,133,128,138
signer1-F,الحبیب بنک.MP4,الحبیب بنک,3,ب,160,155,165
signer1-F,الحبیب بنک.MP4,الحبیب بنک,4,ی,206,201,211
signer1-F,الحبیب بنک.MP4,الحبیب بنک,5,ب,226,221,231
signer1-F,الحبیب بنک.MP4,الحبیب بنک,6,ب,263,258,268
signer1-F,الحبیب بنک.MP4,الحبیب بنک,7,ن,288,283,293
signer1-F,الحبیب بنک.MP4,الحبیب بنک,8,ک,317,312,322
signer1-F,الفلاح بنک.MP4,الفلاح بنک,0,ا,64,59,69
signer1-F,الفلاح بنک.MP4,الفلاح بنک,1,ل,89,84,94
signer1-F,الفلاح بنک.MP4,الفلاح بنک,2,ف,118,113,123
signer1-F,الفلاح بنک.MP4,الفلاح بنک,3,ل,175,170,180
signer1-F,الفلاح بنک.MP4,الفلاح بنک,4,ا,199,194,204
signer1-F,الفلاح بنک.MP4,الفلاح بنک,5,ح,238,233,243
signer1-F,الفلاح بنک.MP4,الفلاح بنک,6,ب,253,248,258
signer1-F,الفلاح بنک.MP4,الفلاح بنک,7,ن,268,263,273
signer1-F,الفلاح بنک.MP4,الفلاح بنک,8,ک,290,285,295
signer1-F,اکرم.MP4,اکرم,0,ا,64,59,69
signer1-F,اکرم.MP4,اکرم,1,ک,86,81,91
signer1-F,اکرم.MP4,اکرم,2,ر,109,104,114
signer1-F,اکرم.MP4,اکرم,3,م,132,127,137
signer1-F,تخلیق.MP4,تخلیق,0,ت,69,64,74
signer1-F,تخلیق.MP4,تخلیق,1,خ,84,79,89
signer1-F,تخلیق.MP4,تخلیق,2,ل,106,101,111
signer1-F,تخلیق.MP4,تخلیق,3,ی,121,116,126
signer1-F,تخلیق.MP4,تخلیق,4,ق,163,158,168
signer1-F,ثمر.MP4,ثمر,0,ث,45,40,50
signer1-F,ثمر.MP4,ثمر,1,م,62,57,67
signer1-F,ثمر.MP4,ثمر,2,ر,77,72,82
signer1-F,جناح.MP4,جناح,0,ج,70,65,75
signer1-F,جناح.MP4,جناح,1,ن,88,83,93
signer1-F,جناح.MP4,جناح,2,ا,103,98,108
signer1-F,جناح.MP4,جناح,3,ح,128,123,133
signer1-F,جوہر ٹاون.MP4,جوہر ٹاؤن,0,ج,8,3,13
signer1-F,جوہر ٹاون.MP4,جوہر ٹاؤن,1,و,71,66,76
signer1-F,جوہر ٹاون.MP4,جوہر ٹاؤن,2,ہ,137,132,142
signer1-F,جوہر ٹاون.MP4,جوہر ٹاؤن,3,ر,153,148,158
signer1-F,جوہر ٹاون.MP4,جوہر ٹاؤن,4,ٹ,194,189,199
signer1-F,جوہر ٹاون.MP4,جوہر ٹاؤن,5,ا,220,215,225
signer1-F,جوہر ٹاون.MP4,جوہر ٹاؤن,6,ؤ,235,230,240
signer1-F,جوہر ٹاون.MP4,جوہر ٹاؤن,7,ن,250,245,255
signer1-F,جیل روڈ.MP4,جیل روڈ,0,ج,58,53,63
signer1-F,جیل روڈ.MP4,جیل روڈ,1,ی,74,69,79
signer1-F,جیل روڈ.MP4,جیل روڈ,2,ل,89,84,94
signer1-F,جیل روڈ.MP4,جیل روڈ,3,ر,109,104,114
signer1-F,جیل روڈ.MP4,جیل روڈ,4,و,125,120,130
signer1-F,جیل روڈ.MP4,جیل روڈ,5,ڈ,194,189,199
signer1-F,جے ایس بنک.MP4,جے ایس بنک,0,ج,73,68,78
signer1-F,جے ایس بنک.MP4,جے ایس بنک,1,ے,106,101,111
signer1-F,جے ایس بنک.MP4,جے ایس بنک,2,ا,125,120,130
signer1-F,جے ایس بنک.MP4,جے ایس بنک,3,ی,140,135,145
signer1-F,جے ایس بنک.MP4,جے ایس بنک,4,س,155,150,160
signer1-F,جے ایس بنک.MP4,جے ایس بنک,5,ب,175,170,180
signer1-F,جے ایس بنک.MP4,جے ایس بنک,6,ن,196,191,201
signer1-F,جے ایس بنک.MP4,جے ایس بنک,7,ک,239,234,244
signer1-F,حبیب بنک.MP4,حبیب بنک,0,ح,18,13,23
signer1-F,حبیب بنک.MP4,حبیب بنک,1,ب,47,42,52
signer1-F,حبیب بنک.MP4,حبیب بنک,2,ی,62,57,67
signer1-F,حبیب بنک.MP4,حبیب بنک,3,ب,83,78,88
signer1-F,حبیب بنک.MP4,حبیب بنک,4,ب,103,98,108
signer1-F,حبیب بنک.MP4,حبیب بنک,5,ن,134,129,139
signer1-F,حبیب بنک.MP4,حبیب بنک,6,ک,173,168,178
signer1-F,دھرم پورہ.MP4,دھرم پورہ,0,د,52,47,57
signer1-F,دھرم پورہ.MP4,دھرم پورہ,1,ھ,72,67,77
signer1-F,دھرم پورہ.MP4,دھرم پورہ,2,ر,92,87,97
signer1-F,دھرم پورہ.MP4,دھرم پورہ,3,م,108,103,113
signer1-F,دھرم پورہ.MP4,دھرم پورہ,4,پ,142,137,147
signer1-F,دھرم پورہ.MP4,دھرم پورہ,5,و,175,170,180
signer1-F,دھرم پورہ.MP4,دھرم پورہ,6,ر,190,185,195
signer1-F,دھرم پورہ.MP4,دھرم پورہ,7,ہ,225,220,230
signer1-F,ذرات.MP4,ذرات,0,ذ,26,21,31
signer1-F,ذرات.MP4,ذرات,1,ر,74,69,79
signer1-F,ذرات.MP4,ذرات,2,ا,91,86,96
signer1-F,ذرات.MP4,ذرات,3,ت,131,126,136
signer1-F,رائیونڈ.MP4,رائیونڈ,0,ر,75,70,80
signer1-F,رائیونڈ.MP4,رائیونڈ,1,ا,99,94,104
signer1-F,رائیونڈ.MP4,رائیونڈ,2,ئ,115,110,120
signer1-F,رائیونڈ.MP4,رائیونڈ,3,ی,133,128,138
signer1-F,رائیونڈ.MP4,رائیونڈ,4,و,159,154,164
signer1-F,رائیونڈ.MP4,رائیونڈ,5,ن,181,176,186
signer1-F,رائیونڈ.MP4,رائیونڈ,6,ڈ,212,207,217
signer1-F,راحت.MP4,راحت,0,ر,32,27,37
signer1-F,راحت.MP4,راحت,1,ا,58,53,63
signer1-F,راحت.MP4,راحت,2,ح,131,126,136
signer1-F,راحت.MP4,راحت,3,ت,147,142,152
signer1-F,سروسز.MP4,سروسز,0,س,31,26,36
signer1-F,سروسز.MP4,سروسز,1,ر,89,84,94
signer1-F,سروسز.MP4,سروسز,2,و,110,105,115
signer1-F,سروسز.MP4,سروسز,3,س,125,120,130
signer1-F,سروسز.MP4,سروسز,4,ز,146,141,151
signer1-F,سونیری بنک.MP4,سونیری بنک,0,س,18,13,23
signer1-F,سونیری بنک.MP4,سونیری بنک,1,و,39,34,44
signer1-F,سونیری بنک.MP4,سونیری بنک,2,ن,55,50,60
signer1-F,سونیری بنک.MP4,سونیری بنک,3,ی,74,69,79
signer1-F,سونیری بنک.MP4,سونیری بنک,4,ر,124,119,129
signer1-F,سونیری بنک.MP4,سونیری بنک,5,ی,152,147,157
signer1-F,سونیری بنک.MP4,سونیری بنک,6,ب,233,228,238
signer1-F,سونیری بنک.MP4,سونیری بنک,7,ن,251,246,256
signer1-F,سونیری بنک.MP4,سونیری بنک,8,ک,271,266,276
signer1-F,سٹیشن.MP4,سٹیشن,0,س,53,48,58
signer1-F,سٹیشن.MP4,سٹیشن,1,ٹ,97,92,102
signer1-F,سٹیشن.MP4,سٹیشن,2,ی,115,110,120
signer1-F,سٹیشن.MP4,سٹیشن,3,ش,131,126,136
signer1-F,سٹیشن.MP4,سٹیشن,4,ن,157,152,162
signer1-F,سٹینڈرڈ چارٹرڈ بنك.MP4,سٹینڈرڈ چارٹرڈ بنک,0,س,7,2,12
signer1-F,سٹینڈرڈ چارٹرڈ بنك.MP4,سٹینڈرڈ چارٹرڈ بنک,1,ٹ,16,11,21
signer1-F,سٹینڈرڈ چارٹرڈ بنك.MP4,سٹینڈرڈ چارٹرڈ بنک,2,ی,25,20,30
signer1-F,سٹینڈرڈ چارٹرڈ بنك.MP4,سٹینڈرڈ چارٹرڈ بنک,3,ن,34,29,39
signer1-F,سٹینڈرڈ چارٹرڈ بنك.MP4,سٹینڈرڈ چارٹرڈ بنک,4,ڈ,43,38,48
signer1-F,سٹینڈرڈ چارٹرڈ بنك.MP4,سٹینڈرڈ چارٹرڈ بنک,5,ر,52,47,57
signer1-F,سٹینڈرڈ چارٹرڈ بنك.MP4,سٹینڈرڈ چارٹرڈ بنک,6,ڈ,61,56,66
signer1-F,سٹینڈرڈ چارٹرڈ بنك.MP4,سٹینڈرڈ چارٹرڈ بنک,7,چ,70,65,75
signer1-F,سٹینڈرڈ چارٹرڈ بنك.MP4,سٹینڈرڈ چارٹرڈ بنک,8,ا,79,74,84
signer1-F,سٹینڈرڈ چارٹرڈ بنك.MP4,سٹینڈرڈ چارٹرڈ بنک,9,ر,88,83,93
signer1-F,سٹینڈرڈ چارٹرڈ بنك.MP4,سٹینڈرڈ چارٹرڈ بنک,10,ٹ,97,92,102
signer1-F,سٹینڈرڈ چارٹرڈ بنك.MP4,سٹینڈرڈ چارٹرڈ بنک,11,ر,106,101,111
signer1-F,سٹینڈرڈ چارٹرڈ بنك.MP4,سٹینڈرڈ چارٹرڈ بنک,12,ڈ,115,110,120
signer1-F,سٹینڈرڈ چارٹرڈ بنك.MP4,سٹینڈرڈ چارٹرڈ بنک,13,ب,124,119,129
signer1-F,سٹینڈرڈ چارٹرڈ بنك.MP4,سٹینڈرڈ چارٹرڈ بنک,14,ن,133,128,138
signer1-F,سٹینڈرڈ چارٹرڈ بنك.MP4,سٹینڈرڈ چارٹرڈ بنک,15,ک,142,137,147
signer1-F,سٹیٹ بنک.MP4,سٹیٹ بنک,0,س,21,16,26
signer1-F,سٹیٹ بنک.MP4,سٹیٹ بنک,1,ٹ,48,43,53
signer1-F,سٹیٹ بنک.MP4,سٹیٹ بنک,2,ی,70,65,75
signer1-F,سٹیٹ بنک.MP4,سٹیٹ بنک,3,ٹ,85,80,90
signer1-F,سٹیٹ بنک.MP4,سٹیٹ بنک,4,ب,108,103,113
signer1-F,سٹیٹ بنک.MP4,سٹیٹ بنک,5,ن,139,134,144
signer1-F,سٹیٹ بنک.MP4,سٹیٹ بنک,6,ک,172,167,177
signer1-F,شاہدرہ.MP4,شاہدرہ,0,ش,19,14,24
signer1-F,شاہدرہ.MP4,شاہدرہ,1,ا,51,46,56
signer1-F,شاہدرہ.MP4,شاہدرہ,2,ہ,73,68,78
signer1-F,شاہدرہ.MP4,شاہدرہ,3,د,129,124,134
signer1-F,شاہدرہ.MP4,شاہدرہ,4,ر,151,146,156
signer1-F,شاہدرہ.MP4,شاہدرہ,5,ہ,166,161,171
signer1-F,ضلع.MP4,ضلع,0,ض,47,42,52
signer1-F,ضلع.MP4,ضلع,1,ل,91,86,96
signer1-F,ضلع.MP4,ضلع,2,ع,106,101,111
signer1-F,طاقت.MP4,طاقت,0,ط,39,34,44
signer1-F,طاقت.MP4,طاقت,1,ا,69,64,74
signer1-F,طاقت.MP4,طاقت,2,ق,88,83,93
signer1-F,طاقت.MP4,طاقت,3,ت,103,98,108
signer1-F,ظروف.MP4,ظروف,0,ظ,85,80,90
signer1-F,ظروف.MP4,ظروف,1,ر,100,95,105
signer1-F,ظروف.MP4,ظروف,2,و,120,115,125
signer1-F,ظروف.MP4,ظروف,3,ف,156,151,161
signer1-F,ظلم.MP4,ظلم,0,ظ,43,38,48
signer1-F,ظلم.MP4,ظلم,1,ل,65,60,70
signer1-F,ظلم.MP4,ظلم,2,م,96,91,101
signer1-F,عمران.MP4,عمران,0,ع,39,34,44
signer1-F,عمران.MP4,عمران,1,م,103,98,108
signer1-F,عمران.MP4,عمران,2,ر,122,117,127
signer1-F,عمران.MP4,عمران,3,ا,137,132,142
signer1-F,عمران.MP4,عمران,4,ن,157,152,162
signer1-F,عکسری بنک.MP4,عسکری بنک,0,ع,71,66,76
signer1-F,عکسری بنک.MP4,عسکری بنک,1,س,103,98,108
signer1-F,عکسری بنک.MP4,عسکری بنک,2,ک,125,120,130
signer1-F,عکسری بنک.MP4,عسکری بنک,3,ر,149,144,154
signer1-F,عکسری بنک.MP4,عسکری بنک,4,ی,164,159,169
signer1-F,عکسری بنک.MP4,عسکری بنک,5,ب,213,208,218
signer1-F,عکسری بنک.MP4,عسکری بنک,6,ن,242,237,247
signer1-F,عکسری بنک.MP4,عسکری بنک,7,ک,263,258,268
signer1-F,غائب.MP4,غائب,0,غ,22,17,27
signer1-F,غائب.MP4,غائب,1,ا,49,44,54
signer1-F,غائب.MP4,غائب,2,ئ,96,91,101
signer1-F,غائب.MP4,غائب,3,ب,111,106,116
signer1-F,غیر حاضر.MP4,غیر حاضر,0,غ,65,60,70
signer1-F,غیر حاضر.MP4,غیر حاضر,1,ی,106,101,111
signer1-F,غیر حاضر.MP4,غیر حاضر,2,ر,121,116,126
signer1-F,غیر حاضر.MP4,غیر حاضر,3,ح,136,131,141
signer1-F,غیر حاضر.MP4,غیر حاضر,4,ا,152,147,157
signer1-F,غیر حاضر.MP4,غیر حاضر,5,ض,171,166,176
signer1-F,غیر حاضر.MP4,غیر حاضر,6,ر,224,219,229
signer1-F,فیصل بنک.MP4,فیصل بنک,0,ف,33,28,38
signer1-F,فیصل بنک.MP4,فیصل بنک,1,ی,57,52,62
signer1-F,فیصل بنک.MP4,فیصل بنک,2,ص,73,68,78
signer1-F,فیصل بنک.MP4,فیصل بنک,3,ل,112,107,117
signer1-F,فیصل بنک.MP4,فیصل بنک,4,ب,140,135,145
signer1-F,فیصل بنک.MP4,فیصل بنک,5,ن,199,194,204
signer1-F,فیصل بنک.MP4,فیصل بنک,6,ک,244,239,249
signer1-F,مال روڈ.MP4,مال روڈ,0,م,22,17,27
signer1-F,مال روڈ.MP4,مال روڈ,1,ا,74,69,79
signer1-F,مال روڈ.MP4,مال روڈ,2,ل,98,93,103
signer1-F,مال روڈ.MP4,مال روڈ,3,ر,116,111,121
signer1-F,مال روڈ.MP4,مال روڈ,4,و,135,130,140
signer1-F,مال روڈ.MP4,مال روڈ,5,ڈ,178,173,183
signer1-F,مالمو.MP4,مالمو,0,م,62,57,67
signer1-F,مالمو.MP4,مالمو,1,ا,77,72,82
signer1-F,مالمو.MP4,مالمو,2,ل,125,120,130
signer1-F,مالمو.MP4,مالمو,3,م,141,136,146
signer1-F,مالمو.MP4,مالمو,4,و,159,154,164
signer1-F,ماڈل ٹاون.MP4,ماڈل ٹاؤن,0,م,73,68,78
signer1-F,ماڈل ٹاون.MP4,ماڈل ٹاؤن,1,ا,124,119,129
signer1-F,ماڈل ٹاون.MP4,ماڈل ٹاؤن,2,ڈ,139,134,144
signer1-F,ماڈل ٹاون.MP4,ماڈل ٹاؤن,3,ل,164,159,169
signer1-F,ماڈل ٹاون.MP4,ماڈل ٹاؤن,4,ٹ,179,174,184
signer1-F,ماڈل ٹاون.MP4,ماڈل ٹاؤن,5,ا,207,202,212
signer1-F,ماڈل ٹاون.MP4,ماڈل ٹاؤن,6,ؤ,233,228,238
signer1-F,ماڈل ٹاون.MP4,ماڈل ٹاؤن,7,ن,283,278,288
signer1-F,میزان بنک.MP4,میزان بنک,0,م,37,32,42
signer1-F,میزان بنک.MP4,میزان بنک,1,ی,57,52,62
signer1-F,میزان بنک.MP4,میزان بنک,2,ز,125,120,130
signer1-F,میزان بنک.MP4,میزان بنک,3,ا,213,208,218
signer1-F,میزان بنک.MP4,میزان بنک,4,ن,229,224,234
signer1-F,میزان بنک.MP4,میزان بنک,5,ب,245,240,250
signer1-F,میزان بنک.MP4,میزان بنک,6,ن,260,255,265
signer1-F,میزان بنک.MP4,میزان بنک,7,ک,276,271,281
signer1-F,میو.MP4,میو,0,م,57,52,62
signer1-F,میو.MP4,میو,1,ی,99,94,104
signer1-F,میو.MP4,میو,2,و,115,110,120
signer1-F,ولید.MP4,ولید,0,و,24,19,29
signer1-F,ولید.MP4,ولید,1,ل,145,140,150
signer1-F,ولید.MP4,ولید,2,ی,172,167,177
signer1-F,ولید.MP4,ولید,3,د,190,185,195
signer1-F,ٹھوکر نیاز بیگ.MP4,ٹھوکر نیاز بیگ,0,ٹ,31,26,36
signer1-F,ٹھوکر نیاز بیگ.MP4,ٹھوکر نیاز بیگ,1,ھ,47,42,52
signer1-F,ٹھوکر نیاز بیگ.MP4,ٹھوکر نیاز بیگ,2,و,62,57,67
signer1-F,ٹھوکر نیاز بیگ.MP4,ٹھوکر نیاز بیگ,3,ک,77,72,82
signer1-F,ٹھوکر نیاز بیگ.MP4,ٹھوکر نیاز بیگ,4,ر,92,87,97
signer1-F,ٹھوکر نیاز بیگ.MP4,ٹھوکر نیاز بیگ,5,ن,107,102,112
signer1-F,ٹھوکر نیاز بیگ.MP4,ٹھوکر نیاز بیگ,6,ی,137,132,142
signer1-F,ٹھوکر نیاز بیگ.MP4,ٹھوکر نیاز بیگ,7,ا,166,161,171
signer1-F,ٹھوکر نیاز بیگ.MP4,ٹھوکر نیاز بیگ,8,ز,184,179,189
signer1-F,ٹھوکر نیاز بیگ.MP4,ٹھوکر نیاز بیگ,9,ب,313,308,318
signer1-F,ٹھوکر نیاز بیگ.MP4,ٹھوکر نیاز بیگ,10,ی,335,330,340
signer1-F,ٹھوکر نیاز بیگ.MP4,ٹھوکر نیاز بیگ,11,گ,350,345,355
signer1-F,چلڈرن.MP4,چلڈرن,0,چ,38,33,43
signer1-F,چلڈرن.MP4,چلڈرن,1,ل,83,78,88
signer1-F,چلڈرن.MP4,چلڈرن,2,ڈ,98,93,103
signer1-F,چلڈرن.MP4,چلڈرن,3,ر,131,126,136
signer1-F,چلڈرن.MP4,چلڈرن,4,ن,155,150,160
signer1-F,ڈوسے.MP4,ڈوسے,0,ڈ,63,58,68
signer1-F,ڈوسے.MP4,ڈوسے,1,و,79,74,84
signer1-F,ڈوسے.MP4,ڈوسے,2,س,96,91,101
signer1-F,ڈوسے.MP4,ڈوسے,3,ے,111,106,116
signer1-F,ژالہ باری.MP4,ژالہ باری,0,ژ,69,64,74
signer1-F,ژالہ باری.MP4,ژالہ باری,1,ا,89,84,94
signer1-F,ژالہ باری.MP4,ژالہ باری,2,ل,189,184,194
signer1-F,ژالہ باری.MP4,ژالہ باری,3,ہ,221,216,226
signer1-F,ژالہ باری.MP4,ژالہ باری,4,ب,239,234,244
signer1-F,ژالہ باری.MP4,ژالہ باری,5,ا,254,249,259
signer1-F,ژالہ باری.MP4,ژالہ باری,6,ر,271,266,276
signer1-F,ژالہ باری.MP4,ژالہ باری,7,ی,302,297,307
signer1-F,کومل.MP4,کومل,0,ک,40,35,45
signer1-F,کومل.MP4,کومل,1,و,91,86,96
signer1-F,کومل.MP4,کومل,2,م,124,119,129
signer1-F,کومل.MP4,کومل,3,ل,161,156,166
signer1-F,کیکس اینڈ بیکس.MP4,کیکس اینڈ بیکس,0,ک,68,63,73
signer1-F,کیکس اینڈ بیکس.MP4,کیکس اینڈ بیکس,1,ی,86,81,91
signer1-F,کیکس اینڈ بیکس.MP4,کیکس اینڈ بیکس,2,ک,135,130,140
signer1-F,کیکس اینڈ بیکس.MP4,کیکس اینڈ بیکس,3,س,171,166,176
signer1-F,کیکس اینڈ بیکس.MP4,کیکس اینڈ بیکس,4,ا,186,181,191
signer1-F,کیکس اینڈ بیکس.MP4,کیکس اینڈ بیکس,5,ی,212,207,217
signer1-F,کیکس اینڈ بیکس.MP4,کیکس اینڈ بیکس,6,ن,244,239,249
signer1-F,کیکس اینڈ بیکس.MP4,کیکس اینڈ بیکس,7,ڈ,264,259,269
signer1-F,کیکس اینڈ بیکس.MP4,کیکس اینڈ بیکس,8,ب,279,274,284
signer1-F,کیکس اینڈ بیکس.MP4,کیکس اینڈ بیکس,9,ی,302,297,307
signer1-F,کیکس اینڈ بیکس.MP4,کیکس اینڈ بیکس,10,ک,317,312,322
signer1-F,کیکس اینڈ بیکس.MP4,کیکس اینڈ بیکس,11,س,334,329,339
signer1-F,گنگا رام.MP4,گنگا رام,0,گ,39,34,44
signer1-F,گنگا رام.MP4,گنگا رام,1,ن,60,55,65
signer1-F,گنگا رام.MP4,گنگا رام,2,گ,122,117,127
signer1-F,گنگا رام.MP4,گنگا رام,3,ا,140,135,145
signer1-F,گنگا رام.MP4,گنگا رام,4,ر,166,161,171
signer1-F,گنگا رام.MP4,گنگا رام,5,ا,184,179,189
signer1-F,گنگا رام.MP4,گنگا رام,6,م,199,194,204
signer1-F,گورمے.MP4,گورمے,0,گ,83,78,88
signer1-F,گورمے.MP4,گورمے,1,و,98,93,103
signer1-F,گورمے.MP4,گورمے,2,ر,121,116,126
signer1-F,گورمے.MP4,گورمے,3,م,147,142,152
signer1-F,گورمے.MP4,گورمے,4,ے,171,166,176
signer1-F,گھرکی.MP4,گھرکی,0,گ,8,3,13
signer1-F,گھرکی.MP4,گھرکی,1,ھ,31,26,36
signer1-F,گھرکی.MP4,گھرکی,2,ر,46,41,51
signer1-F,گھرکی.MP4,گھرکی,3,ک,78,73,83
signer1-F,گھرکی.MP4,گھرکی,4,ی,117,112,122
signer1-F,یونائیٹڈ بنک.MP4,یونائیٹڈ بنک,0,ی,144,139,149
signer1-F,یونائیٹڈ بنک.MP4,یونائیٹڈ بنک,1,و,175,170,180
signer1-F,یونائیٹڈ بنک.MP4,یونائیٹڈ بنک,2,ن,191,186,196
signer1-F,یونائیٹڈ بنک.MP4,یونائیٹڈ بنک,3,ا,223,218,228
signer1-F,یونائیٹڈ بنک.MP4,یونائیٹڈ بنک,4,ئ,256,251,261
signer1-F,یونائیٹڈ بنک.MP4,یونائیٹڈ بنک,5,ی,281,276,286
signer1-F,یونائیٹڈ بنک.MP4,یونائیٹڈ بنک,6,ٹ,299,294,304
signer1-F,یونائیٹڈ بنک.MP4,یونائیٹڈ بنک,7,ڈ,314,309,319
signer1-F,یونائیٹڈ بنک.MP4,یونائیٹڈ بنک,8,ب,329,324,334
signer1-F,یونائیٹڈ بنک.MP4,یونائیٹڈ بنک,9,ن,345,340,350
signer1-F,یونائیٹڈ بنک.MP4,یونائیٹڈ بنک,10,ک,362,357,367
signer2-F,آئی یونٹ.MP4,آئی یونٹ,0,آ,89,84,94
signer2-F,آئی یونٹ.MP4,آئی یونٹ,1,ئ,114,109,119
signer2-F,آئی یونٹ.MP4,آئی یونٹ,2,ی,131,126,136
signer2-F,آئی یونٹ.MP4,آئی یونٹ,3,ی,146,141,151
signer2-F,آئی یونٹ.MP4,آئی یونٹ,4,و,163,158,168
signer2-F,آئی یونٹ.MP4,آئی یونٹ,5,ن,190,185,195
signer2-F,آئی یونٹ.MP4,آئی یونٹ,6,ٹ,205,200,210
signer2-F,آرٹیکل.MP4,آرٹیکل,0,آ,59,54,64
signer2-F,آرٹیکل.MP4,آرٹیکل,1,ر,88,83,93
signer2-F,آرٹیکل.MP4,آرٹیکل,2,ٹ,106,101,111
signer2-F,آرٹیکل.MP4,آرٹیکل,3,ی,122,117,127
signer2-F,آرٹیکل.MP4,آرٹیکل,4,ک,145,140,150
signer2-F,آرٹیکل.MP4,آرٹیکل,5,ل,161,156,166
signer2-F,آڑو.MP4,آڑو,0,آ,58,53,63
signer2-F,آڑو.MP4,آڑو,1,ڑ,76,71,81
signer2-F,آڑو.MP4,آڑو,2,و,92,87,97
signer2-F,الائیڈ بنک.MP4,الائیڈ بنک,0,ا,24,19,29
signer2-F,الائیڈ بنک.MP4,الائیڈ بنک,1,ل,51,46,56
signer2-F,الائیڈ بنک.MP4,الائیڈ بنک,2,ا,71,66,76
signer2-F,الائیڈ بنک.MP4,الائیڈ بنک,3,ئ,86,81,91
signer2-F,الائیڈ بنک.MP4,الائیڈ بنک,4,ی,114,109,119
signer2-F,الائیڈ بنک.MP4,الائیڈ بنک,5,ڈ,137,132,142
signer2-F,الائیڈ بنک.MP4,الائیڈ بنک,6,ب,168,163,173
signer2-F,الائیڈ بنک.MP4,الائیڈ بنک,7,ن,187,182,192
signer2-F,الائیڈ بنک.MP4,الائیڈ بنک,8,ک,225,220,230
signer2-F,الحبیب بنک.MP4,الحبیب بنک,0,ا,17,12,22
signer2-F,الحبیب بنک.MP4,الحبیب بنک,1,ل,40,35,45
signer2-F,الحبیب بنک.MP4,الحبیب بنک,2,ح,120,115,125
signer2-F,الحبیب بنک.MP4,الحبیب بنک,3,ب,135,130,140
signer2-F,الحبیب بنک.MP4,الحبیب بنک,4,ی,163,158,168
signer2-F,الحبیب بنک.MP4,الحبیب بنک,5,ب,189,184,194
signer2-F,الحبیب بنک.MP4,الحبیب بنک,6,ب,208,203,213
signer2-F,الحبیب بنک.MP4,الحبیب بنک,7,ن,240,235,245
signer2-F,الحبیب بنک.MP4,الحبیب بنک,8,ک,255,250,260
signer2-F,الفلا ح بنک.MP4,الفلاح بنک,0,ا,54,49,59
signer2-F,الفلا ح بنک.MP4,الفلاح بنک,1,ل,69,64,74
signer2-F,الفلا ح بنک.MP4,الفلاح بنک,2,ف,86,81,91
signer2-F,الفلا ح بنک.MP4,الفلاح بنک,3,ل,101,96,106
signer2-F,الفلا ح بنک.MP4,الفلاح بنک,4,ا,122,117,127
signer2-F,الفلا ح بنک.MP4,الفلاح بنک,5,ح,146,141,151
signer2-F,الفلا ح بنک.MP4,الفلاح بنک,6,ب,175,170,180
signer2-F,الفلا ح بنک.MP4,الفلاح بنک,7,ن,194,189,199
signer2-F,الفلا ح بنک.MP4,الفلاح بنک,8,ک,209,204,214
signer2-F,اکرم.MP4,اکرم,0,ا,53,48,58
signer2-F,اکرم.MP4,اکرم,1,ک,85,80,90
signer2-F,اکرم.MP4,اکرم,2,ر,100,95,105
signer2-F,اکرم.MP4,اکرم,3,م,116,111,121
signer2-F,تخلیق.MP4,تخلیق,0,ت,26,21,31
signer2-F,تخلیق.MP4,تخلیق,1,خ,46,41,51
signer2-F,تخلیق.MP4,تخلیق,2,ل,87,82,92
signer2-F,تخلیق.MP4,تخلیق,3,ی,108,103,113
signer2-F,تخلیق.MP4,تخلیق,4,ق,166,161,171
signer2-F,ثمر.MP4,ثمر,0,ث,46,41,51
signer2-F,ثمر.MP4,ثمر,1,م,70,65,75
signer2-F,ثمر.MP4,ثمر,2,ر,85,80,90
signer2-F,جناح.MP4,جناح,0,ج,71,66,76
signer2-F,جناح.MP4,جناح,1,ن,92,87,97
signer2-F,جناح.MP4,جناح,2,ا,115,110,120
signer2-F,جناح.MP4,جناح,3,ح,130,125,135
signer2-F,جوہر ٹاون.MP4,جوہر ٹاؤن,0,ج,36,31,41
signer2-F,جوہر ٹاون.MP4,جوہر ٹاؤن,1,و,84,79,89
signer2-F,جوہر ٹاون.MP4,جوہر ٹاؤن,2,ہ,133,128,138
signer2-F,جوہر ٹاون.MP4,جوہر ٹاؤن,3,ر,162,157,167
signer2-F,جوہر ٹاون.MP4,جوہر ٹاؤن,4,ٹ,184,179,189
signer2-F,جوہر ٹاون.MP4,جوہر ٹاؤن,5,ا,206,201,211
signer2-F,جوہر ٹاون.MP4,جوہر ٹاؤن,6,ؤ,221,216,226
signer2-F,جوہر ٹاون.MP4,جوہر ٹاؤن,7,ن,243,238,248
signer2-F,جیل روڈ.MP4,جیل روڈ,0,ج,79,74,84
signer2-F,جیل روڈ.MP4,جیل روڈ,1,ی,109,104,114
signer2-F,جیل روڈ.MP4,جیل روڈ,2,ل,125,120,130
signer2-F,جیل روڈ.MP4,جیل روڈ,3,ر,144,139,149
signer2-F,جیل روڈ.MP4,جیل روڈ,4,و,160,155,165
signer2-F,جیل روڈ.MP4,جیل روڈ,5,ڈ,175,170,180
signer2-F,جے ایس بنک.MP4,جے ایس بنک,0,ج,32,27,37
signer2-F,جے ایس بنک.MP4,جے ایس بنک,1,ے,63,58,68
signer2-F,جے ایس بنک.MP4,جے ایس بنک,2,ا,79,74,84
signer2-F,جے ایس بنک.MP4,جے ایس بنک,3,ی,96,91,101
signer2-F,جے ایس بنک.MP4,جے ایس بنک,4,س,127,122,132
signer2-F,جے ایس بنک.MP4,جے ایس بنک,5,ب,153,148,158
signer2-F,جے ایس بنک.MP4,جے ایس بنک,6,ن,168,163,173
signer2-F,جے ایس بنک.MP4,جے ایس بنک,7,ک,189,184,194
signer2-F,حبیب بنک.MP4,حبیب بنک,0,ح,42,37,47
signer2-F,حبیب بنک.MP4,حبیب بنک,1,ب,58,53,63
signer2-F,حبیب بنک.MP4,حبیب بنک,2,ی,88,83,93
signer2-F,حبیب بنک.MP4,حبیب بنک,3,ب,115,110,120
signer2-F,حبیب بنک.MP4,حبیب بنک,4,ب,130,125,135
signer2-F,حبیب بنک.MP4,حبیب بنک,5,ن,145,140,150
signer2-F,حبیب بنک.MP4,حبیب بنک,6,ک,164,159,169
signer2-F,دھرم پورہ.MP4,دھرم پورہ,0,د,25,20,30
signer2-F,دھرم پورہ.MP4,دھرم پورہ,1,ھ,58,53,63
signer2-F,دھرم پورہ.MP4,دھرم پورہ,2,ر,81,76,86
signer2-F,دھرم پورہ.MP4,دھرم پورہ,3,م,109,104,114
signer2-F,دھرم پورہ.MP4,دھرم پورہ,4,پ,150,145,155
signer2-F,دھرم پورہ.MP4,دھرم پورہ,5,و,176,171,181
signer2-F,دھرم پورہ.MP4,دھرم پورہ,6,ر,201,196,206
signer2-F,دھرم پورہ.MP4,دھرم پورہ,7,ہ,220,215,225
signer2-F,ذرات.MP4,ذرات,0,ذ,84,79,89
signer2-F,ذرات.MP4,ذرات,1,ر,99,94,104
signer2-F,ذرات.MP4,ذرات,2,ا,114,109,119
signer2-F,ذرات.MP4,ذرات,3,ت,130,125,135
signer2-F,رائیونڈ.MP4,رائیونڈ,0,ر,53,48,58
signer2-F,رائیونڈ.MP4,رائیونڈ,1,ا,75,70,80
signer2-F,رائیونڈ.MP4,رائیونڈ,2,ئ,91,86,96
signer2-F,رائیونڈ.MP4,رائیونڈ,3,ی,108,103,113
signer2-F,رائیونڈ.MP4,رائیونڈ,4,و,124,119,129
signer2-F,رائیونڈ.MP4,رائیونڈ,5,ن,139,134,144
signer2-F,رائیونڈ.MP4,رائیونڈ,6,ڈ,195,190,200
signer2-F,راحت.MP4,راحت,0,ر,32,27,37
signer2-F,راحت.MP4,راحت,1,ا,60,55,65
signer2-F,راحت.MP4,راحت,2,ح,92,87,97
signer2-F,راحت.MP4,راحت,3,ت,119,114,124
signer2-F,سروسز.MP4,سروسز,0,س,26,21,31
signer2-F,سروسز.MP4,سروسز,1,ر,41,36,46
signer2-F,سروسز.MP4,سروسز,2,و,61,56,66
signer2-F,سروسز.MP4,سروسز,3,س,76,71,81
signer2-F,سروسز.MP4,سروسز,4,ز,91,86,96
signer2-F,سونیری بنک.MP4,سونیری بنک,0,س,35,30,40
signer2-F,سونیری بنک.MP4,سونیری بنک,1,و,50,45,55
signer2-F,سونیری بنک.MP4,سونیری بنک,2,ن,74,69,79
signer2-F,سونیری بنک.MP4,سونیری بنک,3,ی,96,91,101
signer2-F,سونیری بنک.MP4,سونیری بنک,4,ر,113,108,118
signer2-F,سونیری بنک.MP4,سونیری بنک,5,ی,128,123,133
signer2-F,سونیری بنک.MP4,سونیری بنک,6,ب,144,139,149
signer2-F,سونیری بنک.MP4,سونیری بنک,7,ن,164,159,169
signer2-F,سونیری بنک.MP4,سونیری بنک,8,ک,179,174,184
signer2-F,سٹیشن.MP4,سٹیشن,0,س,22,17,27
signer2-F,سٹیشن.MP4,سٹیشن,1,ٹ,61,56,66
signer2-F,سٹیشن.MP4,سٹیشن,2,ی,78,73,83
signer2-F,سٹیشن.MP4,سٹیشن,3,ش,94,89,99
signer2-F,سٹیشن.MP4,سٹیشن,4,ن,111,106,116
signer2-F,سٹینڈرڈچارٹرڈ.MP4,سٹینڈرڈ چارٹرڈ,0,س,35,30,40
signer2-F,سٹینڈرڈچارٹرڈ.MP4,سٹینڈرڈ چارٹرڈ,1,ٹ,61,56,66
signer2-F,سٹینڈرڈچارٹرڈ.MP4,سٹینڈرڈ چارٹرڈ,2,ی,76,71,81
signer2-F,سٹینڈرڈچارٹرڈ.MP4,سٹینڈرڈ چارٹرڈ,3,ن,99,94,104
signer2-F,سٹینڈرڈچارٹرڈ.MP4,سٹینڈرڈ چارٹرڈ,4,ڈ,123,118,128
signer2-F,سٹینڈرڈچارٹرڈ.MP4,سٹینڈرڈ چارٹرڈ,5,ر,162,157,167
signer2-F,سٹینڈرڈچارٹرڈ.MP4,سٹینڈرڈ چارٹرڈ,6,ڈ,217,212,222
signer2-F,سٹینڈرڈچارٹرڈ.MP4,سٹینڈرڈ چارٹرڈ,7,چ,293,288,298
signer2-F,سٹینڈرڈچارٹرڈ.MP4,سٹینڈرڈ چارٹرڈ,8,ا,315,310,320
signer2-F,سٹینڈرڈچارٹرڈ.MP4,سٹینڈرڈ چارٹرڈ,9,ر,338,333,343
signer2-F,سٹینڈرڈچارٹرڈ.MP4,سٹینڈرڈ چارٹرڈ,10,ٹ,357,352,362
signer2-F,سٹینڈرڈچارٹرڈ.MP4,سٹینڈرڈ چارٹرڈ,11,ر,376,371,381
signer2-F,سٹینڈرڈچارٹرڈ.MP4,سٹینڈرڈ چارٹرڈ,12,ڈ,408,403,413
signer2-F,سٹیٹ بنک.MP4,سٹیٹ بنک,0,س,37,32,42
signer2-F,سٹیٹ بنک.MP4,سٹیٹ بنک,1,ٹ,78,73,83
signer2-F,سٹیٹ بنک.MP4,سٹیٹ بنک,2,ی,95,90,100
signer2-F,سٹیٹ بنک.MP4,سٹیٹ بنک,3,ٹ,110,105,115
signer2-F,سٹیٹ بنک.MP4,سٹیٹ بنک,4,ب,130,125,135
signer2-F,سٹیٹ بنک.MP4,سٹیٹ بنک,5,ن,153,148,158
signer2-F,سٹیٹ بنک.MP4,سٹیٹ بنک,6,ک,178,173,183
signer2-F,شاہدرہ.MP4,شاہدرہ,0,ش,45,40,50
signer2-F,شاہدرہ.MP4,شاہدرہ,1,ا,72,67,77
signer2-F,شاہدرہ.MP4,شاہدرہ,2,ہ,125,120,130
signer2-F,شاہدرہ.MP4,شاہدرہ,3,د,146,141,151
signer2-F,شاہدرہ.MP4,شاہدرہ,4,ر,164,159,169
signer2-F,شاہدرہ.MP4,شاہدرہ,5,ہ,200,195,205
signer2-F,ضلع.MP4,ضلع,0,ض,12,7,17
signer2-F,ضلع.MP4,ضلع,1,ل,59,54,64
signer2-F,ضلع.MP4,ضلع,2,ع,111,106,116
signer2-F,طاقت.MP4,طاقت,0,ط,22,17,27
signer2-F,طاقت.MP4,طاقت,1,ا,49,44,54
signer2-F,طاقت.MP4,طاقت,2,ق,93,88,98
signer2-F,طاقت.MP4,طاقت,3,ت,123,118,128
signer2-F,ظروف.MP4,ظروف,0,ظ,43,38,48
signer2-F,ظروف.MP4,ظروف,1,ر,58,53,63
signer2-F,ظروف.MP4,ظروف,2,و,88,83,93
signer2-F,ظروف.MP4,ظروف,3,ف,112,107,117
signer2-F,ظلم.MP4,ظلم,0,ظ,46,41,51
signer2-F,ظلم.MP4,ظلم,1,ل,61,56,66
signer2-F,ظلم.MP4,ظلم,2,م,85,80,90
signer2-F,عسکری بنک.MP4,عسکری بنک,0,ع,56,51,61
signer2-F,عسکری بنک.MP4,عسکری بنک,1,س,71,66,76
signer2-F,عسکری بنک.MP4,عسکری بنک,2,ک,86,81,91
signer2-F,عسکری بنک.MP4,عسکری بنک,3,ر,106,101,111
signer2-F,عسکری بنک.MP4,عسکری بنک,4,ی,121,116,126
signer2-F,عسکری بنک.MP4,عسکری بنک,5,ب,136,131,141
signer2-F,عسکری بنک.MP4,عسکری بنک,6,ن,151,146,156
signer2-F,عسکری بنک.MP4,عسکری بنک,7,ک,166,161,171
signer2-F,عمران.MP4,عمران,0,ع,15,10,20
signer2-F,عمران.MP4,عمران,1,م,96,91,101
signer2-F,عمران.MP4,عمران,2,ر,111,106,116
signer2-F,عمران.MP4,عمران,3,ا,154,149,159
signer2-F,عمران.MP4,عمران,4,ن,169,164,174
signer2-F,غائب.MP4,غائب,0,غ,53,48,58
signer2-F,غائب.MP4,غائب,1,ا,68,63,73
signer2-F,غائب.MP4,غائب,2,ئ,83,78,88
signer2-F,غائب.MP4,غائب,3,ب,101,96,106
signer2-F,غیر حاضر.MP4,غیر حاضر,0,غ,27,22,32
signer2-F,غیر حاضر.MP4,غیر حاضر,1,ی,85,80,90
signer2-F,غیر حاضر.MP4,غیر حاضر,2,ر,100,95,105
signer2-F,غیر حاضر.MP4,غیر حاضر,3,ح,131,126,136
signer2-F,غیر حاضر.MP4,غیر حاضر,4,ا,147,142,152
signer2-F,غیر حاضر.MP4,غیر حاضر,5,ض,163,158,168
signer2-F,غیر حاضر.MP4,غیر حاضر,6,ر,188,183,193
signer2-F,فیصل بنک.MP4,فیصل بنک,0,ف,31,26,36
signer2-F,فیصل بنک.MP4,فیصل بنک,1,ی,74,69,79
signer2-F,فیصل بنک.MP4,فیصل بنک,2,ص,89,84,94
signer2-F,فیصل بنک.MP4,فیصل بنک,3,ل,115,110,120
signer2-F,فیصل بنک.MP4,فیصل بنک,4,ب,136,131,141
signer2-F,فیصل بنک.MP4,فیصل بنک,5,ن,159,154,164
signer2-F,فیصل بنک.MP4,فیصل بنک,6,ک,178,173,183
signer2-F,مال روڈ.MP4,مال روڈ,0,م,35,30,40
signer2-F,مال روڈ.MP4,مال روڈ,1,ا,61,56,66
signer2-F,مال روڈ.MP4,مال روڈ,2,ل,98,93,103
signer2-F,مال روڈ.MP4,مال روڈ,3,ر,115,110,120
signer2-F,مال روڈ.MP4,مال روڈ,4,و,150,145,155
signer2-F,مال روڈ.MP4,مال روڈ,5,ڈ,165,160,170
signer2-F,مالمو.MP4,مالمو,0,م,35,30,40
signer2-F,مالمو.MP4,مالمو,1,ا,52,47,57
signer2-F,مالمو.MP4,مالمو,2,ل,69,64,74
signer2-F,مالمو.MP4,مالمو,3,م,91,86,96
signer2-F,مالمو.MP4,مالمو,4,و,106,101,111
signer2-F,ماڈل ٹاون.MP4,ماڈل ٹاؤن,0,م,65,60,70
signer2-F,ماڈل ٹاون.MP4,ماڈل ٹاؤن,1,ا,80,75,85
signer2-F,ماڈل ٹاون.MP4,ماڈل ٹاؤن,2,ڈ,95,90,100
signer2-F,ماڈل ٹاون.MP4,ماڈل ٹاؤن,3,ل,110,105,115
signer2-F,ماڈل ٹاون.MP4,ماڈل ٹاؤن,4,ٹ,140,135,145
signer2-F,ماڈل ٹاون.MP4,ماڈل ٹاؤن,5,ا,158,153,163
signer2-F,ماڈل ٹاون.MP4,ماڈل ٹاؤن,6,ؤ,176,171,181
signer2-F,ماڈل ٹاون.MP4,ماڈل ٹاؤن,7,ن,203,198,208
signer2-F,میزان بنک.MP4,میزان بنک,0,م,96,91,101
signer2-F,میزان بنک.MP4,میزان بنک,1,ی,111,106,116
signer2-F,میزان بنک.MP4,میزان بنک,2,ز,141,136,146
signer2-F,میزان بنک.MP4,میزان بنک,3,ا,156,151,161
signer2-F,میزان بنک.MP4,میزان بنک,4,ن,176,171,181
signer2-F,میزان بنک.MP4,میزان بنک,5,ب,192,187,197
signer2-F,میزان بنک.MP4,میزان بنک,6,ن,210,205,215
signer2-F,میزان بنک.MP4,میزان بنک,7,ک,228,223,233
signer2-F,میو.MP4,میو,0,م,45,40,50
signer2-F,میو.MP4,میو,1,ی,61,56,66
signer2-F,میو.MP4,میو,2,و,84,79,89
signer2-F,ولید.MP4,ولید,0,و,58,53,63
signer2-F,ولید.MP4,ولید,1,ل,81,76,86
signer2-F,ولید.MP4,ولید,2,ی,98,93,103
signer2-F,ولید.MP4,ولید,3,د,113,108,118
signer2-F,ٹھوکر نیاز بیگ.MP4,ٹھوکر نیاز بیگ,0,ٹ,40,35,45
signer2-F,ٹھوکر نیاز بیگ.MP4,ٹھوکر نیاز بیگ,1,ھ,65,60,70
signer2-F,ٹھوکر نیاز بیگ.MP4,ٹھوکر نیاز بیگ,2,و,93,88,98
signer2-F,ٹھوکر نیاز بیگ.MP4,ٹھوکر نیاز بیگ,3,ک,112,107,117
signer2-F,ٹھوکر نیاز بیگ.MP4,ٹھوکر نیاز بیگ,4,ر,136,131,141
signer2-F,ٹھوکر نیاز بیگ.MP4,ٹھوکر نیاز بیگ,5,ن,159,154,164
signer2-F,ٹھوکر نیاز بیگ.MP4,ٹھوکر نیاز بیگ,6,ی,189,184,194
signer2-F,ٹھوکر نیاز بیگ.MP4,ٹھوکر نیاز بیگ,7,ا,204,199,209
signer2-F,ٹھوکر نیاز بیگ.MP4,ٹھوکر نیاز بیگ,8,ز,221,216,226
signer2-F,ٹھوکر نیاز بیگ.MP4,ٹھوکر نیاز بیگ,9,ب,273,268,278
signer2-F,ٹھوکر نیاز بیگ.MP4,ٹھوکر نیاز بیگ,10,ی,288,283,293
signer2-F,ٹھوکر نیاز بیگ.MP4,ٹھوکر نیاز بیگ,11,گ,315,310,320
signer2-F,چلڈرن.MP4,چلڈرن,0,چ,27,22,32
signer2-F,چلڈرن.MP4,چلڈرن,1,ل,84,79,89
signer2-F,چلڈرن.MP4,چلڈرن,2,ڈ,101,96,106
signer2-F,چلڈرن.MP4,چلڈرن,3,ر,116,111,121
signer2-F,چلڈرن.MP4,چلڈرن,4,ن,131,126,136
signer2-F,ڈوسے.MP4,ڈوسے,0,ڈ,48,43,53
signer2-F,ڈوسے.MP4,ڈوسے,1,و,64,59,69
signer2-F,ڈوسے.MP4,ڈوسے,2,س,89,84,94
signer2-F,ڈوسے.MP4,ڈوسے,3,ے,108,103,113
signer2-F,ژالہ باری.MP4,ژالہ باری,0,ژ,27,22,32
signer2-F,ژالہ باری.MP4,ژالہ باری,1,ا,70,65,75
signer2-F,ژالہ باری.MP4,ژالہ باری,2,ل,87,82,92
signer2-F,ژالہ باری.MP4,ژالہ باری,3,ہ,169,164,174
signer2-F,ژالہ باری.MP4,ژالہ باری,4,ب,189,184,194
signer2-F,ژالہ باری.MP4,ژالہ باری,5,ا,214,209,219
signer2-F,ژالہ باری.MP4,ژالہ باری,6,ر,244,239,249
signer2-F,ژالہ باری.MP4,ژالہ باری,7,ی,261,256,266
signer2-F,کومل.MP4,کومل,0,ک,49,44,54
signer2-F,کومل.MP4,کومل,1,و,84,79,89
signer2-F,کومل.MP4,کومل,2,م,106,101,111
signer2-F,کومل.MP4,کومل,3,ل,122,117,127
signer2-F,کیکس اینڈ بیکس.MP4,کیکس اینڈ بیکس,0,ک,45,40,50
signer2-F,کیکس اینڈ بیکس.MP4,کیکس اینڈ بیکس,1,ی,85,80,90
signer2-F,کیکس اینڈ بیکس.MP4,کیکس اینڈ بیکس,2,ک,101,96,106
signer2-F,کیکس اینڈ بیکس.MP4,کیکس اینڈ بیکس,3,س,118,113,123
signer2-F,کیکس اینڈ بیکس.MP4,کیکس اینڈ بیکس,4,ا,137,132,142
signer2-F,کیکس اینڈ بیکس.MP4,کیکس اینڈ بیکس,5,ی,165,160,170
signer2-F,کیکس اینڈ بیکس.MP4,کیکس اینڈ بیکس,6,ن,187,182,192
signer2-F,کیکس اینڈ بیکس.MP4,کیکس اینڈ بیکس,7,ڈ,202,197,207
signer2-F,کیکس اینڈ بیکس.MP4,کیکس اینڈ بیکس,8,ب,218,213,223
signer2-F,کیکس اینڈ بیکس.MP4,کیکس اینڈ بیکس,9,ی,233,228,238
signer2-F,کیکس اینڈ بیکس.MP4,کیکس اینڈ بیکس,10,ک,248,243,253
signer2-F,کیکس اینڈ بیکس.MP4,کیکس اینڈ بیکس,11,س,264,259,269
signer2-F,گنگارام.MP4,گنگا رام,0,گ,44,39,49
signer2-F,گنگارام.MP4,گنگا رام,1,ن,65,60,70
signer2-F,گنگارام.MP4,گنگا رام,2,گ,88,83,93
signer2-F,گنگارام.MP4,گنگا رام,3,ا,133,128,138
signer2-F,گنگارام.MP4,گنگا رام,4,ر,152,147,157
signer2-F,گنگارام.MP4,گنگا رام,5,ا,168,163,173
signer2-F,گنگارام.MP4,گنگا رام,6,م,211,206,216
signer2-F,گورمے.MP4,گورمے,0,گ,68,63,73
signer2-F,گورمے.MP4,گورمے,1,و,83,78,88
signer2-F,گورمے.MP4,گورمے,2,ر,98,93,103
signer2-F,گورمے.MP4,گورمے,3,م,120,115,125
signer2-F,گورمے.MP4,گورمے,4,ے,136,131,141
signer2-F,گھرکی.MP4,گھرکی,0,گ,12,7,17
signer2-F,گھرکی.MP4,گھرکی,1,ھ,53,48,58
signer2-F,گھرکی.MP4,گھرکی,2,ر,83,78,88
signer2-F,گھرکی.MP4,گھرکی,3,ک,98,93,103
signer2-F,گھرکی.MP4,گھرکی,4,ی,125,120,130
signer2-F,یونائیڈ بنک.MP4,یونائیڈ بنک,0,ی,31,26,36
signer2-F,یونائیڈ بنک.MP4,یونائیڈ بنک,1,و,73,68,78
signer2-F,یونائیڈ بنک.MP4,یونائیڈ بنک,2,ن,128,123,133
signer2-F,یونائیڈ بنک.MP4,یونائیڈ بنک,3,ا,145,140,150
signer2-F,یونائیڈ بنک.MP4,یونائیڈ بنک,4,ئ,170,165,175
signer2-F,یونائیڈ بنک.MP4,یونائیڈ بنک,5,ی,187,182,192
signer2-F,یونائیڈ بنک.MP4,یونائیڈ بنک,6,ڈ,203,198,208
signer2-F,یونائیڈ بنک.MP4,یونائیڈ بنک,7,ب,218,213,223
signer2-F,یونائیڈ بنک.MP4,یونائیڈ بنک,8,ن,243,238,248
signer2-F,یونائیڈ بنک.MP4,یونائیڈ بنک,9,ک,264,259,269
signer3-F,آئی یونٹ.MP4,آئی یونٹ,0,آ,10,5,15
signer3-F,آئی یونٹ.MP4,آئی یونٹ,1,ئ,35,30,40
signer3-F,آئی یونٹ.MP4,آئی یونٹ,2,ی,54,49,59
signer3-F,آئی یونٹ.MP4,آئی یونٹ,3,ی,85,80,90
signer3-F,آئی یونٹ.MP4,آئی یونٹ,4,و,123,118,128
signer3-F,آئی یونٹ.MP4,آئی یونٹ,5,ن,147,142,152
signer3-F,آئی یونٹ.MP4,آئی یونٹ,6,ٹ,176,171,181
signer3-F,آرٹیکل.MP4,آرٹیکل,0,آ,54,49,59
signer3-F,آرٹیکل.MP4,آرٹیکل,1,ر,72,67,77
signer3-F,آرٹیکل.MP4,آرٹیکل,2,ٹ,120,115,125
signer3-F,آرٹیکل.MP4,آرٹیکل,3,ی,135,130,140
signer3-F,آرٹیکل.MP4,آرٹیکل,4,ک,150,145,155
signer3-F,آرٹیکل.MP4,آرٹیکل,5,ل,177,172,182
signer3-F,الائیڈ بنک.MP4,الائیڈ بنک,0,ا,23,18,28
signer3-F,الائیڈ بنک.MP4,الائیڈ بنک,1,ل,38,33,43
signer3-F,الائیڈ بنک.MP4,الائیڈ بنک,2,ا,83,78,88
signer3-F,الائیڈ بنک.MP4,الائیڈ بنک,3,ئ,99,94,104
signer3-F,الائیڈ بنک.MP4,الائیڈ بنک,4,ی,115,110,120
signer3-F,الائیڈ بنک.MP4,الائیڈ بنک,5,ڈ,149,144,154
signer3-F,الائیڈ بنک.MP4,الائیڈ بنک,6,ب,164,159,169
signer3-F,الائیڈ بنک.MP4,الائیڈ بنک,7,ن,180,175,185
signer3-F,الائیڈ بنک.MP4,الائیڈ بنک,8,ک,203,198,208
signer3-F,الحبیب بنک.MP4,الحبیب بنک,0,ا,19,14,24
signer3-F,الحبیب بنک.MP4,الحبیب بنک,1,ل,51,46,56
signer3-F,الحبیب بنک.MP4,الحبیب بنک,2,ح,77,72,82
signer3-F,الحبیب بنک.MP4,الحبیب بنک,3,ب,104,99,109
signer3-F,الحبیب بنک.MP4,الحبیب بنک,4,ی,119,114,124
signer3-F,الحبیب بنک.MP4,الحبیب بنک,5,ب,142,137,147
signer3-F,الحبیب بنک.MP4,الحبیب بنک,6,ب,158,153,163
signer3-F,الحبیب بنک.MP4,الحبیب بنک,7,ن,176,171,181
signer3-F,الحبیب بنک.MP4,الحبیب بنک,8,ک,194,189,199
signer3-F,الفلاح بنک.MP4,الفلاح بنک,0,ا,35,30,40
signer3-F,الفلاح بنک.MP4,الفلاح بنک,1,ل,50,45,55
signer3-F,الفلاح بنک.MP4,الفلاح بنک,2,ف,83,78,88
signer3-F,الفلاح بنک.MP4,الفلاح بنک,3,ل,101,96,106
signer3-F,الفلاح بنک.MP4,الفلاح بنک,4,ا,116,111,121
signer3-F,الفلاح بنک.MP4,الفلاح بنک,5,ح,134,129,139
signer3-F,الفلاح بنک.MP4,الفلاح بنک,6,ب,154,149,159
signer3-F,الفلاح بنک.MP4,الفلاح بنک,7,ن,197,192,202
signer3-F,الفلاح بنک.MP4,الفلاح بنک,8,ک,212,207,217
signer3-F,اکرم.MP4,اکرم,0,ا,44,39,49
signer3-F,اکرم.MP4,اکرم,1,ک,82,77,87
signer3-F,اکرم.MP4,اکرم,2,ر,105,100,110
signer3-F,اکرم.MP4,اکرم,3,م,124,119,129
signer3-F,تخلیق.MP4,تخلیق,0,ت,31,26,36
signer3-F,تخلیق.MP4,تخلیق,1,خ,53,48,58
signer3-F,تخلیق.MP4,تخلیق,2,ل,71,66,76
signer3-F,تخلیق.MP4,تخلیق,3,ی,113,108,118
signer3-F,تخلیق.MP4,تخلیق,4,ق,141,136,146
signer3-F,ثمر.MP4,ثمر,0,ث,20,15,25
signer3-F,ثمر.MP4,ثمر,1,م,47,42,52
signer3-F,ثمر.MP4,ثمر,2,ر,70,65,75
signer3-F,جناح.MP4,جناح,0,ج,19,14,24
signer3-F,جناح.MP4,جناح,1,ن,34,29,39
signer3-F,جناح.MP4,جناح,2,ا,65,60,70
signer3-F,جناح.MP4,جناح,3,ح,81,76,86
signer3-F,جیل روڈ.MP4,جیل روڈ,0,ج,8,3,13
signer3-F,جیل روڈ.MP4,جیل روڈ,1,ی,30,25,35
signer3-F,جیل روڈ.MP4,جیل روڈ,2,ل,45,40,50
signer3-F,جیل روڈ.MP4,جیل روڈ,3,ر,93,88,98
signer3-F,جیل روڈ.MP4,جیل روڈ,4,و,127,122,132
signer3-F,جیل روڈ.MP4,جیل روڈ,5,ڈ,142,137,147
signer3-F,جے ایس بنک.MP4,جے ایس بنک,0,ج,57,52,62
signer3-F,جے ایس بنک.MP4,جے ایس بنک,1,ے,79,74,84
signer3-F,جے ایس بنک.MP4,جے ایس بنک,2,ا,94,89,99
signer3-F,جے ایس بنک.MP4,جے ایس بنک,3,ی,109,104,114
signer3-F,جے ایس بنک.MP4,جے ایس بنک,4,س,129,124,134
signer3-F,جے ایس بنک.MP4,جے ایس بنک,5,ب,153,148,158
signer3-F,جے ایس بنک.MP4,جے ایس بنک,6,ن,170,165,175
signer3-F,جے ایس بنک.MP4,جے ایس بنک,7,ک,188,183,193
signer3-F,حبیب بنک.MP4,حبیب بنک,0,ح,34,29,39
signer3-F,حبیب بنک.MP4,حبیب بنک,1,ب,53,48,58
signer3-F,حبیب بنک.MP4,حبیب بنک,2,ی,68,63,73
signer3-F,حبیب بنک.MP4,حبیب بنک,3,ب,83,78,88
signer3-F,حبیب بنک.MP4,حبیب بنک,4,ب,110,105,115
signer3-F,حبیب بنک.MP4,حبیب بنک,5,ن,136,131,141
signer3-F,حبیب بنک.MP4,حبیب بنک,6,ک,169,164,174
signer3-F,دھرم پورہ.MP4,دھرم پورہ,0,د,47,42,52
signer3-F,دھرم پورہ.MP4,دھرم پورہ,1,ھ,72,67,77
signer3-F,دھرم پورہ.MP4,دھرم پورہ,2,ر,111,106,116
signer3-F,دھرم پورہ.MP4,دھرم پورہ,3,م,129,124,134
signer3-F,دھرم پورہ.MP4,دھرم پورہ,4,پ,152,147,157
signer3-F,دھرم پورہ.MP4,دھرم پورہ,5,و,199,194,204
signer3-F,دھرم پورہ.MP4,دھرم پورہ,6,ر,228,223,233
signer3-F,دھرم پورہ.MP4,دھرم پورہ,7,ہ,257,252,262
signer3-F,ذرات.MP4,ذرات,0,ذ,12,7,17
signer3-F,ذرات.MP4,ذرات,1,ر,33,28,38
signer3-F,ذرات.MP4,ذرات,2,ا,55,50,60
signer3-F,ذرات.MP4,ذرات,3,ت,96,91,101
signer3-F,رائیونڈ.MP4,رائیونڈ,0,ر,48,43,53
signer3-F,رائیونڈ.MP4,رائیونڈ,1,ا,73,68,78
signer3-F,رائیونڈ.MP4,رائیونڈ,2,ئ,91,86,96
signer3-F,رائیونڈ.MP4,رائیونڈ,3,ی,109,104,114
signer3-F,رائیونڈ.MP4,رائیونڈ,4,و,140,135,145
signer3-F,رائیونڈ.MP4,رائیونڈ,5,ن,187,182,192
signer3-F,رائیونڈ.MP4,رائیونڈ,6,ڈ,206,201,211
signer3-F,راحت.MP4,راحت,0,ر,9,4,14
signer3-F,راحت.MP4,راحت,1,ا,24,19,29
signer3-F,راحت.MP4,راحت,2,ح,91,86,96
signer3-F,راحت.MP4,راحت,3,ت,144,139,149
signer3-F,سروسز.MP4,سروسز,0,س,14,9,19
signer3-F,سروسز.MP4,سروسز,1,ر,52,47,57
signer3-F,سروسز.MP4,سروسز,2,و,68,63,73
signer3-F,سروسز.MP4,سروسز,3,س,88,83,93
signer3-F,سروسز.MP4,سروسز,4,ز,104,99,109
signer3-F,سونیری بنک.MP4,سونیری بنک,0,س,14,9,19
signer3-F,سونیری بنک.MP4,سونیری بنک,1,و,29,24,34
signer3-F,سونیری بنک.MP4,سونیری بنک,2,ن,44,39,49
signer3-F,سونیری بنک.MP4,سونیری بنک,3,ی,59,54,64
signer3-F,سونیری بنک.MP4,سونیری بنک,4,ر,77,72,82
signer3-F,سونیری بنک.MP4,سونیری بنک,5,ی,98,93,103
signer3-F,سونیری بنک.MP4,سونیری بنک,6,ب,113,108,118
signer3-F,سونیری بنک.MP4,سونیری بنک,7,ن,141,136,146
signer3-F,سونیری بنک.MP4,سونیری بنک,8,ک,169,164,174
signer3-F,سٹیشن.MP4,سٹیشن,0,س,64,59,69
signer3-F,سٹیشن.MP4,سٹیشن,1,ٹ,85,80,90
signer3-F,سٹیشن.MP4,سٹیشن,2,ی,101,96,106
signer3-F,سٹیشن.MP4,سٹیشن,3,ش,116,111,121
signer3-F,سٹیشن.MP4,سٹیشن,4,ن,131,126,136
signer3-F,سٹینڈرڈ چارٹرڈ.MP4,سٹینڈرڈ چارٹرڈ,0,س,23,18,28
signer3-F,سٹینڈرڈ چارٹرڈ.MP4,سٹینڈرڈ چارٹرڈ,1,ٹ,55,50,60
signer3-F,سٹینڈرڈ چارٹرڈ.MP4,سٹینڈرڈ چارٹرڈ,2,ی,73,68,78
signer3-F,سٹینڈرڈ چارٹرڈ.MP4,سٹینڈرڈ چارٹرڈ,3,ن,92,87,97
signer3-F,سٹینڈرڈ چارٹرڈ.MP4,سٹینڈرڈ چارٹرڈ,4,ڈ,148,143,153
signer3-F,سٹینڈرڈ چارٹرڈ.MP4,سٹینڈرڈ چارٹرڈ,5,ر,165,160,170
signer3-F,سٹینڈرڈ چارٹرڈ.MP4,سٹینڈرڈ چارٹرڈ,6,ڈ,180,175,185
signer3-F,سٹینڈرڈ چارٹرڈ.MP4,سٹینڈرڈ چارٹرڈ,7,چ,209,204,214
signer3-F,سٹینڈرڈ چارٹرڈ.MP4,سٹینڈرڈ چارٹرڈ,8,ا,231,226,236
signer3-F,سٹینڈرڈ چارٹرڈ.MP4,سٹینڈرڈ چارٹرڈ,9,ر,254,249,259
signer3-F,سٹینڈرڈ چارٹرڈ.MP4,سٹینڈرڈ چارٹرڈ,10,ٹ,278,273,283
signer3-F,سٹینڈرڈ چارٹرڈ.MP4,سٹینڈرڈ چارٹرڈ,11,ر,293,288,298
signer3-F,سٹینڈرڈ چارٹرڈ.MP4,سٹینڈرڈ چارٹرڈ,12,ڈ,316,311,321
signer3-F,سٹیٹ بنک.MP4,سٹیٹ بنک,0,س,7,2,12
signer3-F,سٹیٹ بنک.MP4,سٹیٹ بنک,1,ٹ,41,36,46
signer3-F,سٹیٹ بنک.MP4,سٹیٹ بنک,2,ی,62,57,67
signer3-F,سٹیٹ بنک.MP4,سٹیٹ بنک,3,ٹ,89,84,94
signer3-F,سٹیٹ بنک.MP4,سٹیٹ بنک,4,ب,104,99,109
signer3-F,سٹیٹ بنک.MP4,سٹیٹ بنک,5,ن,119,114,124
signer3-F,سٹیٹ بنک.MP4,سٹیٹ بنک,6,ک,134,129,139
signer3-F,ضلع.MP4,ضلع,0,ض,26,21,31
signer3-F,ضلع.MP4,ضلع,1,ل,43,38,48
signer3-F,ضلع.MP4,ضلع,2,ع,91,86,96
signer3-F,طاقت.MP4,طاقت,0,ط,46,41,51
signer3-F,طاقت.MP4,طاقت,1,ا,91,86,96
signer3-F,طاقت.MP4,طاقت,2,ق,109,104,114
signer3-F,طاقت.MP4,طاقت,3,ت,124,119,129
signer3-F,ظروف.MP4,ظروف,0,ظ,37,32,42
signer3-F,ظروف.MP4,ظروف,1,ر,62,57,67
signer3-F,ظروف.MP4,ظروف,2,و,116,111,121
signer3-F,ظروف.MP4,ظروف,3,ف,131,126,136
signer3-F,ظلم.MP4,ظلم,0,ظ,59,54,64
signer3-F,ظلم.MP4,ظلم,1,ل,76,71,81
signer3-F,ظلم.MP4,ظلم,2,م,91,86,96
signer3-F,عمران.MP4,عمران,0,ع,38,33,43
signer3-F,عمران.MP4,عمران,1,م,72,67,77
signer3-F,عمران.MP4,عمران,2,ر,89,84,94
signer3-F,عمران.MP4,عمران,3,ا,109,104,114
signer3-F,عمران.MP4,عمران,4,ن,127,122,132
signer3-F,غائب.MP4,غائب,0,غ,46,41,51
signer3-F,غائب.MP4,غائب,1,ا,61,56,66
signer3-F,غائب.MP4,غائب,2,ئ,77,72,82
signer3-F,غائب.MP4,غائب,3,ب,115,110,120
signer3-F,غیر حاضر.MP4,غیر حاضر,0,غ,86,81,91
signer3-F,غیر حاضر.MP4,غیر حاضر,1,ی,110,105,115
signer3-F,غیر حاضر.MP4,غیر حاضر,2,ر,131,126,136
signer3-F,غیر حاضر.MP4,غیر حاضر,3,ح,146,141,151
signer3-F,غیر حاضر.MP4,غیر حاضر,4,ا,167,162,172
signer3-F,غیر حاضر.MP4,غیر حاضر,5,ض,190,185,195
signer3-F,غیر حاضر.MP4,غیر حاضر,6,ر,216,211,221
signer3-F,فیصل بنک.MP4,فیصل بنک,0,ف,33,28,38
signer3-F,فیصل بنک.MP4,فیصل بنک,1,ی,49,44,54
signer3-F,فیصل بنک.MP4,فیصل بنک,2,ص,65,60,70
signer3-F,فیصل بنک.MP4,فیصل بنک,3,ل,93,88,98
signer3-F,فیصل بنک.MP4,فیصل بنک,4,ب,113,108,118
signer3-F,فیصل بنک.MP4,فیصل بنک,5,ن,140,135,145
signer3-F,فیصل بنک.MP4,فیصل بنک,6,ک,155,150,160
signer3-F,مال روڈ.MP4,مال روڈ,0,م,33,28,38
signer3-F,مال روڈ.MP4,مال روڈ,1,ا,70,65,75
signer3-F,مال روڈ.MP4,مال روڈ,2,ل,88,83,93
signer3-F,مال روڈ.MP4,مال روڈ,3,ر,104,99,109
signer3-F,مال روڈ.MP4,مال روڈ,4,و,120,115,125
signer3-F,مال روڈ.MP4,مال روڈ,5,ڈ,135,130,140
signer3-F,مالمو.MP4,مالمو,0,م,14,9,19
signer3-F,مالمو.MP4,مالمو,1,ا,39,34,44
signer3-F,مالمو.MP4,مالمو,2,ل,70,65,75
signer3-F,مالمو.MP4,مالمو,3,م,97,92,102
signer3-F,مالمو.MP4,مالمو,4,و,134,129,139
signer3-F,ماڈل ٹاون.MP4,ماڈل ٹاؤن,0,م,53,48,58
signer3-F,ماڈل ٹاون.MP4,ماڈل ٹاؤن,1,ا,81,76,86
signer3-F,ماڈل ٹاون.MP4,ماڈل ٹاؤن,2,ڈ,98,93,103
signer3-F,ماڈل ٹاون.MP4,ماڈل ٹاؤن,3,ل,134,129,139
signer3-F,ماڈل ٹاون.MP4,ماڈل ٹاؤن,4,ٹ,153,148,158
signer3-F,ماڈل ٹاون.MP4,ماڈل ٹاؤن,5,ا,194,189,199
signer3-F,ماڈل ٹاون.MP4,ماڈل ٹاؤن,6,ؤ,211,206,216
signer3-F,ماڈل ٹاون.MP4,ماڈل ٹاؤن,7,ن,233,228,238
signer3-F,میزان بنک.MP4,میزان بنک,0,م,9,4,14
signer3-F,میزان بنک.MP4,میزان بنک,1,ی,41,36,46
signer3-F,میزان بنک.MP4,میزان بنک,2,ز,63,58,68
signer3-F,میزان بنک.MP4,میزان بنک,3,ا,78,73,83
signer3-F,میزان بنک.MP4,میزان بنک,4,ن,96,91,101
signer3-F,میزان بنک.MP4,میزان بنک,5,ب,120,115,125
signer3-F,میزان بنک.MP4,میزان بنک,6,ن,136,131,141
signer3-F,میزان بنک.MP4,میزان بنک,7,ک,163,158,168
signer3-F,میو.MP4,میو,0,م,10,5,15
signer3-F,میو.MP4,میو,1,ی,36,31,41
signer3-F,میو.MP4,میو,2,و,53,48,58
signer3-F,ولید.MP4,ولید,0,و,29,24,34
signer3-F,ولید.MP4,ولید,1,ل,56,51,61
signer3-F,ولید.MP4,ولید,2,ی,88,83,93
signer3-F,ولید.MP4,ولید,3,د,134,129,139
signer3-F,ٹھوکر نیاز بیگ.MP4,ٹھوکر نیاز بیگ,0,ٹ,37,32,42
signer3-F,ٹھوکر نیاز بیگ.MP4,ٹھوکر نیاز بیگ,1,ھ,52,47,57
signer3-F,ٹھوکر نیاز بیگ.MP4,ٹھوکر نیاز بیگ,2,و,68,63,73
signer3-F,ٹھوکر نیاز بیگ.MP4,ٹھوکر نیاز بیگ,3,ک,83,78,88
signer3-F,ٹھوکر نیاز بیگ.MP4,ٹھوکر نیاز بیگ,4,ر,98,93,103
signer3-F,ٹھوکر نیاز بیگ.MP4,ٹھوکر نیاز بیگ,5,ن,113,108,118
signer3-F,ٹھوکر نیاز بیگ.MP4,ٹھوکر نیاز بیگ,6,ی,149,144,154
signer3-F,ٹھوکر نیاز بیگ.MP4,ٹھوکر نیاز بیگ,7,ا,208,203,213
signer3-F,ٹھوکر نیاز بیگ.MP4,ٹھوکر نیاز بیگ,8,ز,225,220,230
signer3-F,ٹھوکر نیاز بیگ.MP4,ٹھوکر نیاز بیگ,9,ب,263,258,268
signer3-F,ٹھوکر نیاز بیگ.MP4,ٹھوکر نیاز بیگ,10,ی,281,276,286
signer3-F,ٹھوکر نیاز بیگ.MP4,ٹھوکر نیاز بیگ,11,گ,311,306,316
signer3-F,چلڈرن.MP4,چلڈرن,0,چ,47,42,52
signer3-F,چلڈرن.MP4,چلڈرن,1,ل,65,60,70
signer3-F,چلڈرن.MP4,چلڈرن,2,ڈ,80,75,85
signer3-F,چلڈرن.MP4,چلڈرن,3,ر,101,96,106
signer3-F,چلڈرن.MP4,چلڈرن,4,ن,131,126,136
signer3-F,ڈوسے.MP4,ڈوسے,0,ڈ,21,16,26
signer3-F,ڈوسے.MP4,ڈوسے,1,و,38,33,43
signer3-F,ڈوسے.MP4,ڈوسے,2,س,53,48,58
signer3-F,ڈوسے.MP4,ڈوسے,3,ے,73,68,78
signer3-F,ژالہ باری.MP4,ژالہ باری,0,ژ,15,10,20
signer3-F,ژالہ باری.MP4,ژالہ باری,1,ا,97,92,102
signer3-F,ژالہ باری.MP4,ژالہ باری,2,ل,118,113,123
signer3-F,ژالہ باری.MP4,ژالہ باری,3,ہ,146,141,151
signer3-F,ژالہ باری.MP4,ژالہ باری,4,ب,162,157,167
signer3-F,ژالہ باری.MP4,ژالہ باری,5,ا,184,179,189
signer3-F,ژالہ باری.MP4,ژالہ باری,6,ر,204,199,209
signer3-F,ژالہ باری.MP4,ژالہ باری,7,ی,237,232,242
signer3-F,کومل.MP4,کومل,0,ک,54,49,59
signer3-F,کومل.MP4,کومل,1,و,73,68,78
signer3-F,کومل.MP4,کومل,2,م,88,83,93
signer3-F,کومل.MP4,کومل,3,ل,111,106,116
signer3-F,کیکس اینڈ بیکس.MP4,کیکس اینڈ بیکس,0,ک,36,31,41
signer3-F,کیکس اینڈ بیکس.MP4,کیکس اینڈ بیکس,1,ی,51,46,56
signer3-F,کیکس اینڈ بیکس.MP4,کیکس اینڈ بیکس,2,ک,74,69,79
signer3-F,کیکس اینڈ بیکس.MP4,کیکس اینڈ بیکس,3,س,95,90,100
signer3-F,کیکس اینڈ بیکس.MP4,کیکس اینڈ بیکس,4,ا,117,112,122
signer3-F,کیکس اینڈ بیکس.MP4,کیکس اینڈ بیکس,5,ی,203,198,208
signer3-F,کیکس اینڈ بیکس.MP4,کیکس اینڈ بیکس,6,ن,233,228,238
signer3-F,کیکس اینڈ بیکس.MP4,کیکس اینڈ بیکس,7,ڈ,249,244,254
signer3-F,کیکس اینڈ بیکس.MP4,کیکس اینڈ بیکس,8,ب,271,266,276
signer3-F,کیکس اینڈ بیکس.MP4,کیکس اینڈ بیکس,9,ی,305,300,310
signer3-F,کیکس اینڈ بیکس.MP4,کیکس اینڈ بیکس,10,ک,321,316,326
signer3-F,کیکس اینڈ بیکس.MP4,کیکس اینڈ بیکس,11,س,340,335,345
signer3-F,گنگارام.MP4,گنگا رام,0,گ,10,5,15
signer3-F,گنگارام.MP4,گنگا رام,1,ن,45,40,50
signer3-F,گنگارام.MP4,گنگا رام,2,گ,63,58,68
signer3-F,گنگارام.MP4,گنگا رام,3,ا,78,73,83
signer3-F,گنگارام.MP4,گنگا رام,4,ر,99,94,104
signer3-F,گنگارام.MP4,گنگا رام,5,ا,152,147,157
signer3-F,گنگارام.MP4,گنگا رام,6,م,180,175,185
signer3-F,گورمے.MP4,گورمے,0,گ,9,4,14
signer3-F,گورمے.MP4,گورمے,1,و,24,19,29
signer3-F,گورمے.MP4,گورمے,2,ر,46,41,51
signer3-F,گورمے.MP4,گورمے,3,م,104,99,109
signer3-F,گورمے.MP4,گورمے,4,ے,120,115,125
signer3-F,گھركی.MP4,گھرکی,0,گ,32,27,37
signer3-F,گھركی.MP4,گھرکی,1,ھ,49,44,54
signer3-F,گھركی.MP4,گھرکی,2,ر,90,85,95
signer3-F,گھركی.MP4,گھرکی,3,ک,127,122,132
signer3-F,گھركی.MP4,گھرکی,4,ی,144,139,149
signer3-F,یونائیڈ بنک.MP4,یونائیڈ بنک,0,ی,55,50,60
signer3-F,یونائیڈ بنک.MP4,یونائیڈ بنک,1,و,113,108,118
signer3-F,یونائیڈ بنک.MP4,یونائیڈ بنک,2,ن,128,123,133
signer3-F,یونائیڈ بنک.MP4,یونائیڈ بنک,3,ا,157,152,162
signer3-F,یونائیڈ بنک.MP4,یونائیڈ بنک,4,ئ,172,167,177
signer3-F,یونائیڈ بنک.MP4,یونائیڈ بنک,5,ی,194,189,199
signer3-F,یونائیڈ بنک.MP4,یونائیڈ بنک,6,ڈ,227,222,232
signer3-F,یونائیڈ بنک.MP4,یونائیڈ بنک,7,ب,242,237,247
signer3-F,یونائیڈ بنک.MP4,یونائیڈ بنک,8,ن,268,263,273
signer3-F,یونائیڈ بنک.MP4,یونائیڈ بنک,9,ک,283,278,288
signer4-L,آئی یونٹ.MP4,آئی یونٹ,0,آ,7,2,12
signer4-L,آئی یونٹ.MP4,آئی یونٹ,1,ئ,19,14,24
signer4-L,آئی یونٹ.MP4,آئی یونٹ,2,ی,31,26,36
signer4-L,آئی یونٹ.MP4,آئی یونٹ,3,ی,43,38,48
signer4-L,آئی یونٹ.MP4,آئی یونٹ,4,و,55,50,60
signer4-L,آئی یونٹ.MP4,آئی یونٹ,5,ن,67,62,72
signer4-L,آئی یونٹ.MP4,آئی یونٹ,6,ٹ,79,74,84
signer4-L,آرٹیکل.MP4,آرٹیکل,0,آ,51,46,56
signer4-L,آرٹیکل.MP4,آرٹیکل,1,ر,66,61,71
signer4-L,آرٹیکل.MP4,آرٹیکل,2,ٹ,81,76,86
signer4-L,آرٹیکل.MP4,آرٹیکل,3,ی,96,91,101
signer4-L,آرٹیکل.MP4,آرٹیکل,4,ک,117,112,122
signer4-L,آرٹیکل.MP4,آرٹیکل,5,ل,149,144,154
signer4-L,آڑو.MP4,آڑو,0,آ,48,43,53
signer4-L,آڑو.MP4,آڑو,1,ڑ,63,58,68
signer4-L,آڑو.MP4,آڑو,2,و,82,77,87
signer4-L,الائیٹك بنک.MP4,الائیٹک بنک,0,ا,13,8,18
signer4-L,الائیٹك بنک.MP4,الائیٹک بنک,1,ل,28,23,33
signer4-L,الائیٹك بنک.MP4,الائیٹک بنک,2,ا,43,38,48
signer4-L,الائیٹك بنک.MP4,الائیٹک بنک,3,ئ,58,53,63
signer4-L,الائیٹك بنک.MP4,الائیٹک بنک,4,ی,73,68,78
signer4-L,الائیٹك بنک.MP4,الائیٹک بنک,5,ٹ,88,83,93
signer4-L,الائیٹك بنک.MP4,الائیٹک بنک,6,ک,103,98,108
signer4-L,الائیٹك بنک.MP4,الائیٹک بنک,7,ب,121,116,126
signer4-L,الائیٹك بنک.MP4,الائیٹک بنک,8,ن,150,145,155
signer4-L,الائیٹك بنک.MP4,الائیٹک بنک,9,ک,165,160,170
signer4-L,الحبیب بنک.MP4,الحبیب بنک,0,ا,14,9,19
signer4-L,الحبیب بنک.MP4,الحبیب بنک,1,ل,23,18,28
signer4-L,الحبیب بنک.MP4,الحبیب بنک,2,ح,32,27,37
signer4-L,الحبیب بنک.MP4,الحبیب بنک,3,ب,41,36,46
signer4-L,الحبیب بنک.MP4,الحبیب بنک,4,ی,50,45,55
signer4-L,الحبیب بنک.MP4,الحبیب بنک,5,ب,59,54,64
signer4-L,الحبیب بنک.MP4,الحبیب بنک,6,ب,68,63,73
signer4-L,الحبیب بنک.MP4,الحبیب بنک,7,ن,77,72,82
signer4-L,الحبیب بنک.MP4,الحبیب بنک,8,ک,86,81,91
signer4-L,الفلاح بنک.MP4,الفلاح بنک,0,ا,22,17,27
signer4-L,الفلاح بنک.MP4,الفلاح بنک,1,ل,37,32,42
signer4-L,الفلاح بنک.MP4,الفلاح بنک,2,ف,73,68,78
signer4-L,الفلاح بنک.MP4,الفلاح بنک,3,ل,103,98,108
signer4-L,الفلاح بنک.MP4,الفلاح بنک,4,ا,120,115,125
signer4-L,الفلاح بنک.MP4,الفلاح بنک,5,ح,148,143,153
signer4-L,الفلاح بنک.MP4,الفلاح بنک,6,ب,167,162,172
signer4-L,الفلاح بنک.MP4,الفلاح بنک,7,ن,194,189,199
signer4-L,الفلاح بنک.MP4,الفلاح بنک,8,ک,213,208,218
signer4-L,اکرم.MP4,اکرم,0,ا,13,8,18
signer4-L,اکرم.MP4,اکرم,1,ک,43,38,48
signer4-L,اکرم.MP4,اکرم,2,ر,58,53,63
signer4-L,اکرم.MP4,اکرم,3,م,75,70,80
signer4-L,تخلیق.MP4,تخلیق,0,ت,18,13,23
signer4-L,تخلیق.MP4,تخلیق,1,خ,51,46,56
signer4-L,تخلیق.MP4,تخلیق,2,ل,112,107,117
signer4-L,تخلیق.MP4,تخلیق,3,ی,127,122,132
signer4-L,تخلیق.MP4,تخلیق,4,ق,158,153,163
signer4-L,ثمر.MP4,ثمر,0,ث,18,13,23
signer4-L,ثمر.MP4,ثمر,1,م,75,70,80
signer4-L,ثمر.MP4,ثمر,2,ر,91,86,96
signer4-L,جناح.MP4,جناح,0,ج,49,44,54
signer4-L,جناح.MP4,جناح,1,ن,64,59,69
signer4-L,جناح.MP4,جناح,2,ا,79,74,84
signer4-L,جناح.MP4,جناح,3,ح,105,100,110
signer4-L,جوہر ٹاؤن.MP4,جوہر ٹاؤن,0,ج,30,25,35
signer4-L,جوہر ٹاؤن.MP4,جوہر ٹاؤن,1,و,84,79,89
signer4-L,جوہر ٹاؤن.MP4,جوہر ٹاؤن,2,ہ,99,94,104
signer4-L,جوہر ٹاؤن.MP4,جوہر ٹاؤن,3,ر,114,109,119
signer4-L,جوہر ٹاؤن.MP4,جوہر ٹاؤن,4,ٹ,129,124,134
signer4-L,جوہر ٹاؤن.MP4,جوہر ٹاؤن,5,ا,144,139,149
signer4-L,جوہر ٹاؤن.MP4,جوہر ٹاؤن,6,ؤ,159,154,164
signer4-L,جوہر ٹاؤن.MP4,جوہر ٹاؤن,7,ن,174,169,179
signer4-L,جیل روڈ.MP4,جیل روڈ,0,ج,68,63,73
signer4-L,جیل روڈ.MP4,جیل روڈ,1,ی,100,95,105
signer4-L,جیل روڈ.MP4,جیل روڈ,2,ل,117,112,122
signer4-L,جیل روڈ.MP4,جیل روڈ,3,ر,132,127,137
signer4-L,جیل روڈ.MP4,جیل روڈ,4,و,147,142,152
signer4-L,جیل روڈ.MP4,جیل روڈ,5,ڈ,164,159,169
signer4-L,جے ایس بنک.MP4,جے ایس بنک,0,ج,63,58,68
signer4-L,جے ایس بنک.MP4,جے ایس بنک,1,ے,93,88,98
signer4-L,جے ایس بنک.MP4,جے ایس بنک,2,ا,113,108,118
signer4-L,جے ایس بنک.MP4,جے ایس بنک,3,ی,128,123,133
signer4-L,جے ایس بنک.MP4,جے ایس بنک,4,س,146,141,151
signer4-L,جے ایس بنک.MP4,جے ایس بنک,5,ب,167,162,172
signer4-L,جے ایس بنک.MP4,جے ایس بنک,6,ن,182,177,187
signer4-L,جے ایس بنک.MP4,جے ایس بنک,7,ک,201,196,206
signer4-L,حبیب بنک.MP4,حبیب بنک,0,ح,50,45,55
signer4-L,حبیب بنک.MP4,حبیب بنک,1,ب,65,60,70
signer4-L,حبیب بنک.MP4,حبیب بنک,2,ی,95,90,100
signer4-L,حبیب بنک.MP4,حبیب بنک,3,ب,110,105,115
signer4-L,حبیب بنک.MP4,حبیب بنک,4,ب,126,121,131
signer4-L,حبیب بنک.MP4,حبیب بنک,5,ن,145,140,150
signer4-L,حبیب بنک.MP4,حبیب بنک,6,ک,170,165,175
signer4-L,دھرم پورہ.MP4,دھرم پورہ,0,د,20,15,25
signer4-L,دھرم پورہ.MP4,دھرم پورہ,1,ھ,35,30,40
signer4-L,دھرم پورہ.MP4,دھرم پورہ,2,ر,52,47,57
signer4-L,دھرم پورہ.MP4,دھرم پورہ,3,م,68,63,73
signer4-L,دھرم پورہ.MP4,دھرم پورہ,4,پ,120,115,125
signer4-L,دھرم پورہ.MP4,دھرم پورہ,5,و,145,140,150
signer4-L,دھرم پورہ.MP4,دھرم پورہ,6,ر,160,155,165
signer4-L,دھرم پورہ.MP4,دھرم پورہ,7,ہ,183,178,188
signer4-L,ذرات.MP4,ذرات,0,ذ,17,12,22
signer4-L,ذرات.MP4,ذرات,1,ر,37,32,42
signer4-L,ذرات.MP4,ذرات,2,ا,52,47,57
signer4-L,ذرات.MP4,ذرات,3,ت,67,62,72
signer4-L,رائیونڈ.MP4,رائیونڈ,0,ر,20,15,25
signer4-L,رائیونڈ.MP4,رائیونڈ,1,ا,39,34,44
signer4-L,رائیونڈ.MP4,رائیونڈ,2,ئ,54,49,59
signer4-L,رائیونڈ.MP4,رائیونڈ,3,ی,69,64,74
signer4-L,رائیونڈ.MP4,رائیونڈ,4,و,123,118,128
signer4-L,رائیونڈ.MP4,رائیونڈ,5,ن,153,148,158
signer4-L,رائیونڈ.MP4,رائیونڈ,6,ڈ,191,186,196
signer4-L,راحت.MP4,راحت,0,ر,12,7,17
signer4-L,راحت.MP4,راحت,1,ا,30,25,35
signer4-L,راحت.MP4,راحت,2,ح,50,45,55
signer4-L,راحت.MP4,راحت,3,ت,100,95,105
signer4-L,سروسز.MP4,سروسز,0,س,20,15,25
signer4-L,سروسز.MP4,سروسز,1,ر,35,30,40
signer4-L,سروسز.MP4,سروسز,2,و,89,84,94
signer4-L,سروسز.MP4,سروسز,3,س,104,99,109
signer4-L,سروسز.MP4,سروسز,4,ز,124,119,129
signer4-L,سونیری بنک.MP4,سونیری بنک,0,س,19,14,24
signer4-L,سونیری بنک.MP4,سونیری بنک,1,و,102,97,107
signer4-L,سونیری بنک.MP4,سونیری بنک,2,ن,125,120,130
signer4-L,سونیری بنک.MP4,سونیری بنک,3,ی,158,153,163
signer4-L,سونیری بنک.MP4,سونیری بنک,4,ر,176,171,181
signer4-L,سونیری بنک.MP4,سونیری بنک,5,ی,199,194,204
signer4-L,سونیری بنک.MP4,سونیری بنک,6,ب,225,220,230
signer4-L,سونیری بنک.MP4,سونیری بنک,7,ن,250,245,255
signer4-L,سونیری بنک.MP4,سونیری بنک,8,ک,267,262,272
signer4-L,سٹیشن.MP4,سٹیشن,0,س,16,11,21
signer4-L,سٹیشن.MP4,سٹیشن,1,ٹ,36,31,41
signer4-L,سٹیشن.MP4,سٹیشن,2,ی,51,46,56
signer4-L,سٹیشن.MP4,سٹیشن,3,ش,66,61,71
signer4-L,سٹیشن.MP4,سٹیشن,4,ن,103,98,108
signer4-L,سٹینڈرڈچارٹرڈ.MP4,سٹینڈرڈ چارٹرڈ,0,س,14,9,19
signer4-L,سٹینڈرڈچارٹرڈ.MP4,سٹینڈرڈ چارٹرڈ,1,ٹ,38,33,43
signer4-L,سٹینڈرڈچارٹرڈ.MP4,سٹینڈرڈ چارٹرڈ,2,ی,65,60,70
signer4-L,سٹینڈرڈچارٹرڈ.MP4,سٹینڈرڈ چارٹرڈ,3,ن,80,75,85
signer4-L,سٹینڈرڈچارٹرڈ.MP4,سٹینڈرڈ چارٹرڈ,4,ڈ,110,105,115
signer4-L,سٹینڈرڈچارٹرڈ.MP4,سٹینڈرڈ چارٹرڈ,5,ر,145,140,150
signer4-L,سٹینڈرڈچارٹرڈ.MP4,سٹینڈرڈ چارٹرڈ,6,ڈ,173,168,178
signer4-L,سٹینڈرڈچارٹرڈ.MP4,سٹینڈرڈ چارٹرڈ,7,چ,200,195,205
signer4-L,سٹینڈرڈچارٹرڈ.MP4,سٹینڈرڈ چارٹرڈ,8,ا,271,266,276
signer4-L,سٹینڈرڈچارٹرڈ.MP4,سٹینڈرڈ چارٹرڈ,9,ر,335,330,340
signer4-L,سٹینڈرڈچارٹرڈ.MP4,سٹینڈرڈ چارٹرڈ,10,ٹ,398,393,403
signer4-L,سٹینڈرڈچارٹرڈ.MP4,سٹینڈرڈ چارٹرڈ,11,ر,413,408,418
signer4-L,سٹینڈرڈچارٹرڈ.MP4,سٹینڈرڈ چارٹرڈ,12,ڈ,431,426,436
signer4-L,سٹیٹ بنک.MP4,سٹیٹ بنک,0,س,10,5,15
signer4-L,سٹیٹ بنک.MP4,سٹیٹ بنک,1,ٹ,29,24,34
signer4-L,سٹیٹ بنک.MP4,سٹیٹ بنک,2,ی,52,47,57
signer4-L,سٹیٹ بنک.MP4,سٹیٹ بنک,3,ٹ,72,67,77
signer4-L,سٹیٹ بنک.MP4,سٹیٹ بنک,4,ب,102,97,107
signer4-L,سٹیٹ بنک.MP4,سٹیٹ بنک,5,ن,125,120,130
signer4-L,سٹیٹ بنک.MP4,سٹیٹ بنک,6,ک,150,145,155
signer4-L,شاہدرہ.MP4,شاہدرہ,0,ش,18,13,23
signer4-L,شاہدرہ.MP4,شاہدرہ,1,ا,39,34,44
signer4-L,شاہدرہ.MP4,شاہدرہ,2,ہ,54,49,59
signer4-L,شاہدرہ.MP4,شاہدرہ,3,د,110,105,115
signer4-L,شاہدرہ.MP4,شاہدرہ,4,ر,130,125,135
signer4-L,شاہدرہ.MP4,شاہدرہ,5,ہ,160,155,165
signer4-L,ضلع.MP4,ضلع,0,ض,22,17,27
signer4-L,ضلع.MP4,ضلع,1,ل,37,32,42
signer4-L,ضلع.MP4,ضلع,2,ع,74,69,79
signer4-L,طاقت.MP4,طاقت,0,ط,7,2,12
signer4-L,طاقت.MP4,طاقت,1,ا,16,11,21
signer4-L,طاقت.MP4,طاقت,2,ق,25,20,30
signer4-L,طاقت.MP4,طاقت,3,ت,34,29,39
signer4-L,ظروف.MP4,ظروف,0,ظ,72,67,77
signer4-L,ظروف.MP4,ظروف,1,ر,92,87,97
signer4-L,ظروف.MP4,ظروف,2,و,107,102,112
signer4-L,ظروف.MP4,ظروف,3,ف,127,122,132
signer4-L,ظلم.MP4,ظلم,0,ظ,16,11,21
signer4-L,ظلم.MP4,ظلم,1,ل,32,27,37
signer4-L,ظلم.MP4,ظلم,2,م,49,44,54
signer4-L,عمران.MP4,عمران,0,ع,24,19,29
signer4-L,عمران.MP4,عمران,1,م,63,58,68
signer4-L,عمران.MP4,عمران,2,ر,94,89,99
signer4-L,عمران.MP4,عمران,3,ا,110,105,115
signer4-L,عمران.MP4,عمران,4,ن,144,139,149
signer4-L,عکسری بنک.MP4,عسکری بنک,0,ع,48,43,53
signer4-L,عکسری بنک.MP4,عسکری بنک,1,س,79,74,84
signer4-L,عکسری بنک.MP4,عسکری بنک,2,ک,96,91,101
signer4-L,عکسری بنک.MP4,عسکری بنک,3,ر,134,129,139
signer4-L,عکسری بنک.MP4,عسکری بنک,4,ی,156,151,161
signer4-L,عکسری بنک.MP4,عسکری بنک,5,ب,187,182,192
signer4-L,عکسری بنک.MP4,عسکری بنک,6,ن,202,197,207
signer4-L,عکسری بنک.MP4,عسکری بنک,7,ک,236,231,241
signer4-L,غائب.MP4,غائب,0,غ,56,51,61
signer4-L,غائب.MP4,غائب,1,ا,117,112,122
signer4-L,غائب.MP4,غائب,2,ئ,132,127,137
signer4-L,غائب.MP4,غائب,3,ب,147,142,152
signer4-L,غیر حاضر.MP4,غیر حاضر,0,غ,27,22,32
signer4-L,غیر حاضر.MP4,غیر حاضر,1,ی,54,49,59
signer4-L,غیر حاضر.MP4,غیر حاضر,2,ر,89,84,94
signer4-L,غیر حاضر.MP4,غیر حاضر,3,ح,162,157,167
signer4-L,غیر حاضر.MP4,غیر حاضر,4,ا,177,172,182
signer4-L,غیر حاضر.MP4,غیر حاضر,5,ض,215,210,220
signer4-L,غیر حاضر.MP4,غیر حاضر,6,ر,249,244,254
signer4-L,فیصل بنک.MP4,فیصل بنک,0,ف,26,21,31
signer4-L,فیصل بنک.MP4,فیصل بنک,1,ی,41,36,46
signer4-L,فیصل بنک.MP4,فیصل بنک,2,ص,56,51,61
signer4-L,فیصل بنک.MP4,فیصل بنک,3,ل,71,66,76
signer4-L,فیصل بنک.MP4,فیصل بنک,4,ب,114,109,119
signer4-L,فیصل بنک.MP4,فیصل بنک,5,ن,168,163,173
signer4-L,فیصل بنک.MP4,فیصل بنک,6,ک,189,184,194
signer4-L,مال روڈ.MP4,مال روڈ,0,م,63,58,68
signer4-L,مال روڈ.MP4,مال روڈ,1,ا,79,74,84
signer4-L,مال روڈ.MP4,مال روڈ,2,ل,110,105,115
signer4-L,مال روڈ.MP4,مال روڈ,3,ر,127,122,132
signer4-L,مال روڈ.MP4,مال روڈ,4,و,143,138,148
signer4-L,مال روڈ.MP4,مال روڈ,5,ڈ,164,159,169
signer4-L,مالمو.MP4,مالمو,0,م,30,25,35
signer4-L,مالمو.MP4,مالمو,1,ا,45,40,50
signer4-L,مالمو.MP4,مالمو,2,ل,60,55,65
signer4-L,مالمو.MP4,مالمو,3,م,86,81,91
signer4-L,مالمو.MP4,مالمو,4,و,103,98,108
signer4-L,ماڈل ٹاؤن.MP4,ماڈل ٹاؤن,0,م,32,27,37
signer4-L,ماڈل ٹاؤن.MP4,ماڈل ٹاؤن,1,ا,47,42,52
signer4-L,ماڈل ٹاؤن.MP4,ماڈل ٹاؤن,2,ڈ,81,76,86
signer4-L,ماڈل ٹاؤن.MP4,ماڈل ٹاؤن,3,ل,125,120,130
signer4-L,ماڈل ٹاؤن.MP4,ماڈل ٹاؤن,4,ٹ,140,135,145
signer4-L,ماڈل ٹاؤن.MP4,ماڈل ٹاؤن,5,ا,155,150,160
signer4-L,ماڈل ٹاؤن.MP4,ماڈل ٹاؤن,6,ؤ,170,165,175
signer4-L,ماڈل ٹاؤن.MP4,ماڈل ٹاؤن,7,ن,193,188,198
signer4-L,میزان بنک.MP4,میزان بنک,0,م,20,15,25
signer4-L,میزان بنک.MP4,میزان بنک,1,ی,38,33,43
signer4-L,میزان بنک.MP4,میزان بنک,2,ز,94,89,99
signer4-L,میزان بنک.MP4,میزان بنک,3,ا,117,112,122
signer4-L,میزان بنک.MP4,میزان بنک,4,ن,144,139,149
signer4-L,میزان بنک.MP4,میزان بنک,5,ب,163,158,168
signer4-L,میزان بنک.MP4,میزان بنک,6,ن,181,176,186
signer4-L,میزان بنک.MP4,میزان بنک,7,ک,199,194,204
signer4-L,میو.MP4,میو,0,م,35,30,40
signer4-L,میو.MP4,میو,1,ی,50,45,55
signer4-L,میو.MP4,میو,2,و,68,63,73
signer4-L,ولید.MP4,ولید,0,و,56,51,61
signer4-L,ولید.MP4,ولید,1,ل,72,67,77
signer4-L,ولید.MP4,ولید,2,ی,87,82,92
signer4-L,ولید.MP4,ولید,3,د,102,97,107
signer4-L,ٹھوکر نیاز بیگ.MP4,ٹھوکر نیاز بیگ,0,ٹ,20,15,25
signer4-L,ٹھوکر نیاز بیگ.MP4,ٹھوکر نیاز بیگ,1,ھ,40,35,45
signer4-L,ٹھوکر نیاز بیگ.MP4,ٹھوکر نیاز بیگ,2,و,59,54,64
signer4-L,ٹھوکر نیاز بیگ.MP4,ٹھوکر نیاز بیگ,3,ک,74,69,79
signer4-L,ٹھوکر نیاز بیگ.MP4,ٹھوکر نیاز بیگ,4,ر,89,84,94
signer4-L,ٹھوکر نیاز بیگ.MP4,ٹھوکر نیاز بیگ,5,ن,104,99,109
signer4-L,ٹھوکر نیاز بیگ.MP4,ٹھوکر نیاز بیگ,6,ی,119,114,124
signer4-L,ٹھوکر نیاز بیگ.MP4,ٹھوکر نیاز بیگ,7,ا,134,129,139
signer4-L,ٹھوکر نیاز بیگ.MP4,ٹھوکر نیاز بیگ,8,ز,167,162,172
signer4-L,ٹھوکر نیاز بیگ.MP4,ٹھوکر نیاز بیگ,9,ب,203,198,208
signer4-L,ٹھوکر نیاز بیگ.MP4,ٹھوکر نیاز بیگ,10,ی,218,213,223
signer4-L,ٹھوکر نیاز بیگ.MP4,ٹھوکر نیاز بیگ,11,گ,256,251,261
signer4-L,چلڈرن.MP4,چلڈرن,0,چ,49,44,54
signer4-L,چلڈرن.MP4,چلڈرن,1,ل,64,59,69
signer4-L,چلڈرن.MP4,چلڈرن,2,ڈ,79,74,84
signer4-L,چلڈرن.MP4,چلڈرن,3,ر,94,89,99
signer4-L,چلڈرن.MP4,چلڈرن,4,ن,110,105,115
signer4-L,ڈوسے.MP4,ڈوسے,0,ڈ,23,18,28
signer4-L,ڈوسے.MP4,ڈوسے,1,و,38,33,43
signer4-L,ڈوسے.MP4,ڈوسے,2,س,53,48,58
signer4-L,ڈوسے.MP4,ڈوسے,3,ے,84,79,89
signer4-L,ژالہ باری.MP4,ژالہ باری,0,ژ,8,3,13
signer4-L,ژالہ باری.MP4,ژالہ باری,1,ا,13,8,18
signer4-L,ژالہ باری.MP4,ژالہ باری,2,ل,18,13,23
signer4-L,ژالہ باری.MP4,ژالہ باری,3,ہ,23,18,28
signer4-L,ژالہ باری.MP4,ژالہ باری,4,ب,28,23,33
signer4-L,ژالہ باری.MP4,ژالہ باری,5,ا,33,28,38
signer4-L,ژالہ باری.MP4,ژالہ باری,6,ر,38,33,43
signer4-L,ژالہ باری.MP4,ژالہ باری,7,ی,43,38,48
signer4-L,کومل.MP4,کومل,0,ک,14,9,19
signer4-L,کومل.MP4,کومل,1,و,33,28,38
signer4-L,کومل.MP4,کومل,2,م,48,43,53
signer4-L,کومل.MP4,کومل,3,ل,82,77,87
signer4-L,کیکس اینڈ بیکس.MP4,کیکس اینڈ بیکس,0,ک,16,11,21
signer4-L,کیکس اینڈ بیکس.MP4,کیکس اینڈ بیکس,1,ی,39,34,44
signer4-L,کیکس اینڈ بیکس.MP4,کیکس اینڈ بیکس,2,ک,62,57,67
signer4-L,کیکس اینڈ بیکس.MP4,کیکس اینڈ بیکس,3,س,80,75,85
signer4-L,کیکس اینڈ بیکس.MP4,کیکس اینڈ بیکس,4,ا,95,90,100
signer4-L,کیکس اینڈ بیکس.MP4,کیکس اینڈ بیکس,5,ی,113,108,118
signer4-L,کیکس اینڈ بیکس.MP4,کیکس اینڈ بیکس,6,ن,138,133,143
signer4-L,کیکس اینڈ بیکس.MP4,کیکس اینڈ بیکس,7,ڈ,153,148,158
signer4-L,کیکس اینڈ بیکس.MP4,کیکس اینڈ بیکس,8,ب,176,171,181
signer4-L,کیکس اینڈ بیکس.MP4,کیکس اینڈ بیکس,9,ی,217,212,222
signer4-L,کیکس اینڈ بیکس.MP4,کیکس اینڈ بیکس,10,ک,301,296,306
signer4-L,کیکس اینڈ بیکس.MP4,کیکس اینڈ بیکس,11,س,318,313,323
signer4-L,گنگارام.MP4,گنگا رام,0,گ,10,5,15
signer4-L,گنگارام.MP4,گنگا رام,1,ن,26,21,31
signer4-L,گنگارام.MP4,گنگا رام,2,گ,74,69,79
signer4-L,گنگارام.MP4,گنگا رام,3,ا,89,84,94
signer4-L,گنگارام.MP4,گنگا رام,4,ر,109,104,114
signer4-L,گنگارام.MP4,گنگا رام,5,ا,130,125,135
signer4-L,گنگارام.MP4,گنگا رام,6,م,152,147,157
signer4-L,گورمے.MP4,گورمے,0,گ,14,9,19
signer4-L,گورمے.MP4,گورمے,1,و,44,39,49
signer4-L,گورمے.MP4,گورمے,2,ر,59,54,64
signer4-L,گورمے.MP4,گورمے,3,م,93,88,98
signer4-L,گورمے.MP4,گورمے,4,ے,142,137,147
signer4-L,گھرکی.MP4,گھرکی,0,گ,7,2,12
signer4-L,گھرکی.MP4,گھرکی,1,ھ,33,28,38
signer4-L,گھرکی.MP4,گھرکی,2,ر,48,43,53
signer4-L,گھرکی.MP4,گھرکی,3,ک,74,69,79
signer4-L,گھرکی.MP4,گھرکی,4,ی,98,93,103
signer4-L,یونائیڈ بنک.MP4,یونائیڈ بنک,0,ی,22,17,27
signer4-L,یونائیڈ بنک.MP4,یونائیڈ بنک,1,و,51,46,56
signer4-L,یونائیڈ بنک.MP4,یونائیڈ بنک,2,ن,108,103,113
signer4-L,یونائیڈ بنک.MP4,یونائیڈ بنک,3,ا,144,139,149
signer4-L,یونائیڈ بنک.MP4,یونائیڈ بنک,4,ئ,190,185,195
signer4-L,یونائیڈ بنک.MP4,یونائیڈ بنک,5,ی,206,201,211
signer4-L,یونائیڈ بنک.MP4,یونائیڈ بنک,6,ڈ,237,232,242
signer4-L,یونائیڈ بنک.MP4,یونائیڈ بنک,7,ب,253,248,258
signer4-L,یونائیڈ بنک.MP4,یونائیڈ بنک,8,ن,343,338,348
signer4-L,یونائیڈ بنک.MP4,یونائیڈ بنک,9,ک,408,403,413
signer5-R,آرٹیکل.MP4,آرٹیکل,0,آ,77,72,82
signer5-R,آرٹیکل.MP4,آرٹیکل,1,ر,92,87,97
signer5-R,آرٹیکل.MP4,آرٹیکل,2,ٹ,107,102,112
signer5-R,آرٹیکل.MP4,آرٹیکل,3,ی,122,117,127
signer5-R,آرٹیکل.MP4,آرٹیکل,4,ک,137,132,142
signer5-R,آرٹیکل.MP4,آرٹیکل,5,ل,152,147,157
signer5-R,آڑو.MP4,آڑو,0,آ,52,47,57
signer5-R,آڑو.MP4,آڑو,1,ڑ,98,93,103
signer5-R,آڑو.MP4,آڑو,2,و,116,111,121
signer5-R,الفلاح بنک.MP4,الفلاح بنک,0,ا,21,16,26
signer5-R,الفلاح بنک.MP4,الفلاح بنک,1,ل,105,100,110
signer5-R,الفلاح بنک.MP4,الفلاح بنک,2,ف,123,118,128
signer5-R,الفلاح بنک.MP4,الفلاح بنک,3,ل,148,143,153
signer5-R,الفلاح بنک.MP4,الفلاح بنک,4,ا,171,166,176
signer5-R,الفلاح بنک.MP4,الفلاح بنک,5,ح,186,181,191
signer5-R,الفلاح بنک.MP4,الفلاح بنک,6,ب,201,196,206
signer5-R,الفلاح بنک.MP4,الفلاح بنک,7,ن,225,220,230
signer5-R,الفلاح بنک.MP4,الفلاح بنک,8,ک,240,235,245
signer5-R,تخلیق.MP4,تخلیق,0,ت,11,6,16
signer5-R,تخلیق.MP4,تخلیق,1,خ,26,21,31
signer5-R,تخلیق.MP4,تخلیق,2,ل,73,68,78
signer5-R,تخلیق.MP4,تخلیق,3,ی,108,103,113
signer5-R,تخلیق.MP4,تخلیق,4,ق,177,172,182
signer5-R,ثمر.MP4,ثمر,0,ث,38,33,43
signer5-R,ثمر.MP4,ثمر,1,م,65,60,70
signer5-R,ثمر.MP4,ثمر,2,ر,80,75,85
signer5-R,جے ایس بنک.MP4,جے ایس بنک,0,ج,27,22,32
signer5-R,جے ایس بنک.MP4,جے ایس بنک,1,ے,57,52,62
signer5-R,جے ایس بنک.MP4,جے ایس بنک,2,ا,76,71,81
signer5-R,جے ایس بنک.MP4,جے ایس بنک,3,ی,109,104,114
signer5-R,جے ایس بنک.MP4,جے ایس بنک,4,س,128,123,133
signer5-R,جے ایس بنک.MP4,جے ایس بنک,5,ب,143,138,148
signer5-R,جے ایس بنک.MP4,جے ایس بنک,6,ن,166,161,171
signer5-R,جے ایس بنک.MP4,جے ایس بنک,7,ک,186,181,191
signer5-R,دھرم پورہ.MP4,دھرم پورہ,0,د,7,2,12
signer5-R,دھرم پورہ.MP4,دھرم پورہ,1,ھ,68,63,73
signer5-R,دھرم پورہ.MP4,دھرم پورہ,2,ر,86,81,91
signer5-R,دھرم پورہ.MP4,دھرم پورہ,3,م,101,96,106
signer5-R,دھرم پورہ.MP4,دھرم پورہ,4,پ,116,111,121
signer5-R,دھرم پورہ.MP4,دھرم پورہ,5,و,146,141,151
signer5-R,دھرم پورہ.MP4,دھرم پورہ,6,ر,198,193,203
signer5-R,دھرم پورہ.MP4,دھرم پورہ,7,ہ,215,210,220
signer5-R,ذرات.MP4,ذرات,0,ذ,14,9,19
signer5-R,ذرات.MP4,ذرات,1,ر,39,34,44
signer5-R,ذرات.MP4,ذرات,2,ا,88,83,93
signer5-R,ذرات.MP4,ذرات,3,ت,107,102,112
signer5-R,سمر.MP4,سمر,0,س,9,4,14
signer5-R,سمر.MP4,سمر,1,م,76,71,81
signer5-R,سمر.MP4,سمر,2,ر,98,93,103
signer5-R,سونیری بنک.MP4,سونیری بنک,0,س,47,42,52
signer5-R,سونیری بنک.MP4,سونیری بنک,1,و,69,64,74
signer5-R,سونیری بنک.MP4,سونیری بنک,2,ن,94,89,99
signer5-R,سونیری بنک.MP4,سونیری بنک,3,ی,109,104,114
signer5-R,سونیری بنک.MP4,سونیری بنک,4,ر,124,119,129
signer5-R,سونیری بنک.MP4,سونیری بنک,5,ی,142,137,147
signer5-R,سونیری بنک.MP4,سونیری بنک,6,ب,157,152,162
signer5-R,سونیری بنک.MP4,سونیری بنک,7,ن,172,167,177
signer5-R,سونیری بنک.MP4,سونیری بنک,8,ک,187,182,192
signer5-R,سٹیٹ بنک.MP4,سٹیٹ بنک,0,س,68,63,73
signer5-R,سٹیٹ بنک.MP4,سٹیٹ بنک,1,ٹ,85,80,90
signer5-R,سٹیٹ بنک.MP4,سٹیٹ بنک,2,ی,101,96,106
signer5-R,سٹیٹ بنک.MP4,سٹیٹ بنک,3,ٹ,124,119,129
signer5-R,سٹیٹ بنک.MP4,سٹیٹ بنک,4,ب,145,140,150
signer5-R,سٹیٹ بنک.MP4,سٹیٹ بنک,5,ن,166,161,171
signer5-R,سٹیٹ بنک.MP4,سٹیٹ بنک,6,ک,190,185,195
signer5-R,شاہدرہ.MP4,شاہدرہ,0,ش,24,19,29
signer5-R,شاہدرہ.MP4,شاہدرہ,1,ا,39,34,44
signer5-R,شاہدرہ.MP4,شاہدرہ,2,ہ,57,52,62
signer5-R,شاہدرہ.MP4,شاہدرہ,3,د,72,67,77
signer5-R,شاہدرہ.MP4,شاہدرہ,4,ر,87,82,92
signer5-R,شاہدرہ.MP4,شاہدرہ,5,ہ,154,149,159
signer5-R,ضلع.MP4,ضلع,0,ض,24,19,29
signer5-R,ضلع.MP4,ضلع,1,ل,66,61,71
signer5-R,ضلع.MP4,ضلع,2,ع,95,90,100
signer5-R,طاقت.MP4,طاقت,0,ط,34,29,39
signer5-R,طاقت.MP4,طاقت,1,ا,50,45,55
signer5-R,طاقت.MP4,طاقت,2,ق,70,65,75
signer5-R,طاقت.MP4,طاقت,3,ت,140,135,145
signer5-R,ظروف.MP4,ظروف,0,ظ,30,25,35
signer5-R,ظروف.MP4,ظروف,1,ر,45,40,50
signer5-R,ظروف.MP4,ظروف,2,و,98,93,103
signer5-R,ظروف.MP4,ظروف,3,ف,146,141,151
signer5-R,ظلم.MP4,ظلم,0,ظ,13,8,18
signer5-R,ظلم.MP4,ظلم,1,ل,28,23,33
signer5-R,ظلم.MP4,ظلم,2,م,86,81,91
signer5-R,عسکری بنک.MP4,عسکری بنک,0,ع,43,38,48
signer5-R,عسکری بنک.MP4,عسکری بنک,1,س,82,77,87
signer5-R,عسکری بنک.MP4,عسکری بنک,2,ک,98,93,103
signer5-R,عسکری بنک.MP4,عسکری بنک,3,ر,117,112,122
signer5-R,عسکری بنک.MP4,عسکری بنک,4,ی,137,132,142
signer5-R,عسکری بنک.MP4,عسکری بنک,5,ب,171,166,176
signer5-R,عسکری بنک.MP4,عسکری بنک,6,ن,189,184,194
signer5-R,عسکری بنک.MP4,عسکری بنک,7,ک,207,202,212
signer5-R,عكسری بنک.MP4,عسکری بنک,0,ع,18,13,23
signer5-R,عكسری بنک.MP4,عسکری بنک,1,س,37,32,42
signer5-R,عكسری بنک.MP4,عسکری بنک,2,ک,52,47,57
signer5-R,عكسری بنک.MP4,عسکری بنک,3,ر,67,62,72
signer5-R,عكسری بنک.MP4,عسکری بنک,4,ی,84,79,89
signer5-R,عكسری بنک.MP4,عسکری بنک,5,ب,117,112,122
signer5-R,عكسری بنک.MP4,عسکری بنک,6,ن,158,153,163
signer5-R,عكسری بنک.MP4,عسکری بنک,7,ک,182,177,187
signer5-R,غائب.MP4,غائب,0,غ,10,5,15
signer5-R,غائب.MP4,غائب,1,ا,103,98,108
signer5-R,غائب.MP4,غائب,2,ئ,118,113,123
signer5-R,غائب.MP4,غائب,3,ب,149,144,154
signer5-R,غیر حاضر.MP4,غیر حاضر,0,غ,22,17,27
signer5-R,غیر حاضر.MP4,غیر حاضر,1,ی,65,60,70
signer5-R,غیر حاضر.MP4,غیر حاضر,2,ر,89,84,94
signer5-R,غیر حاضر.MP4,غیر حاضر,3,ح,106,101,111
signer5-R,غیر حاضر.MP4,غیر حاضر,4,ا,193,188,198
signer5-R,غیر حاضر.MP4,غیر حاضر,5,ض,209,204,214
signer5-R,غیر حاضر.MP4,غیر حاضر,6,ر,233,228,238
signer5-R,مالمو.MP4,مالمو,0,م,73,68,78
signer5-R,مالمو.MP4,مالمو,1,ا,88,83,93
signer5-R,مالمو.MP4,مالمو,2,ل,109,104,114
signer5-R,مالمو.MP4,مالمو,3,م,134,129,139
signer5-R,مالمو.MP4,مالمو,4,و,156,151,161
signer5-R,ڈوسے.MP4,ڈوسے,0,ڈ,16,11,21
signer5-R,ڈوسے.MP4,ڈوسے,1,و,44,39,49
signer5-R,ڈوسے.MP4,ڈوسے,2,س,64,59,69
signer5-R,ڈوسے.MP4,ڈوسے,3,ے,83,78,88
signer5-R,ژالہ باری.MP4,ژالہ باری,0,ژ,9,4,14
signer5-R,ژالہ باری.MP4,ژالہ باری,1,ا,27,22,32
signer5-R,ژالہ باری.MP4,ژالہ باری,2,ل,42,37,47
signer5-R,ژالہ باری.MP4,ژالہ باری,3,ہ,80,75,85
signer5-R,ژالہ باری.MP4,ژالہ باری,4,ب,154,149,159
signer5-R,ژالہ باری.MP4,ژالہ باری,5,ا,180,175,185
signer5-R,ژالہ باری.MP4,ژالہ باری,6,ر,225,220,230
signer5-R,ژالہ باری.MP4,ژالہ باری,7,ی,241,236,246
signer5-R,کیکس اینڈ بیکس.MP4,کیکس اینڈ بیکس,0,ک,18,13,23
signer5-R,کیکس اینڈ بیکس.MP4,کیکس اینڈ بیکس,1,ی,37,32,42
signer5-R,کیکس اینڈ بیکس.MP4,کیکس اینڈ بیکس,2,ک,75,70,80
signer5-R,کیکس اینڈ بیکس.MP4,کیکس اینڈ بیکس,3,س,107,102,112
signer5-R,کیکس اینڈ بیکس.MP4,کیکس اینڈ بیکس,4,ا,125,120,130
signer5-R,کیکس اینڈ بیکس.MP4,کیکس اینڈ بیکس,5,ی,157,152,162
signer5-R,کیکس اینڈ بیکس.MP4,کیکس اینڈ بیکس,6,ن,190,185,195
signer5-R,کیکس اینڈ بیکس.MP4,کیکس اینڈ بیکس,7,ڈ,206,201,211
signer5-R,کیکس اینڈ بیکس.MP4,کیکس اینڈ بیکس,8,ب,275,270,280
signer5-R,کیکس اینڈ بیکس.MP4,کیکس اینڈ بیکس,9,ی,290,285,295
signer5-R,کیکس اینڈ بیکس.MP4,کیکس اینڈ بیکس,10,ک,305,300,310
signer5-R,کیکس اینڈ بیکس.MP4,کیکس اینڈ بیکس,11,س,351,346,356
signer5-R,گورمے.MP4,گورمے,0,گ,12,7,17
signer5-R,گورمے.MP4,گورمے,1,و,70,65,75
signer5-R,گورمے.MP4,گورمے,2,ر,85,80,90
signer5-R,گورمے.MP4,گورمے,3,م,132,127,137
signer5-R,گورمے.MP4,گورمے,4,ے,147,142,152
signer5-R,یونائینٹد بنک.MP4,یونائینٹد بنک,0,ی,35,30,40
signer5-R,یونائینٹد بنک.MP4,یونائینٹد بنک,1,و,153,148,158
signer5-R,یونائینٹد بنک.MP4,یونائینٹد بنک,2,ن,175,170,180
signer5-R,یونائینٹد بنک.MP4,یونائینٹد بنک,3,ا,190,185,195
signer5-R,یونائینٹد بنک.MP4,یونائینٹد بنک,4,ئ,209,204,214
signer5-R,یونائینٹد بنک.MP4,یونائینٹد بنک,5,ی,224,219,229
signer5-R,یونائینٹد بنک.MP4,یونائینٹد بنک,6,ن,239,234,244
signer5-R,یونائینٹد بنک.MP4,یونائینٹد بنک,7,ٹ,254,249,259
signer5-R,یونائینٹد بنک.MP4,یونائینٹد بنک,8,د,277,272,282
signer5-R,یونائینٹد بنک.MP4,یونائینٹد بنک,9,ب,292,287,297
signer5-R,یونائینٹد بنک.MP4,یونائینٹد بنک,10,ن,314,309,319
signer5-R,یونائینٹد بنک.MP4,یونائینٹد بنک,11,ک,329,324,334
