n_frames,n_letters,status,n_free_segments,count_error,alignment_confidence,mean_pick_depth,seg_detect_rate,gap_cv,frames_per_letter,constraint_dominated,min_sep_used,signer_id,video_id,word,spelling,ambiguous,detect_rate,quality
253,7,ok,8,1,0.5714285714285714,0.8367921724296041,1.0,0.2868852059125584,36.142857142857146,False,15,signer1-F,آئی یونٹ.MP4,آئی یونٹ,آئی یونٹ,False,1.0,0.3415575667848372
231,6,ok,8,2,0.8333333333333334,0.810743938428216,1.0,0.133684478936886,38.5,False,15,signer1-F,آرٹیکل.MP4,آرٹیکل,آرٹیکل,False,1.0,0.5688870455262491
125,3,ok,2,-1,0.3333333333333333,0.634444976460461,1.0,,41.666666666666664,False,15,signer1-F,آڑو.MP4,آڑو,آڑو,False,1.0,0.21447445100904505
386,9,ok,11,2,0.7777777777777778,0.7154562558756213,1.0,0.6182412330330469,42.888888888888886,False,15,signer1-F,الائیڈ بنک.MP4,الائیڈ بنک,الائیڈ بنک,False,1.0,0.5615438286255218
347,9,ok,9,0,0.7777777777777778,0.788758122786063,1.0,0.31462564811887345,38.55555555555556,False,15,signer1-F,الحبیب بنک.MP4,الحبیب بنک,الحبیب بنک,False,1.0,0.5832151446028103
342,9,ok,12,3,0.7777777777777778,0.8150113660808217,1.0,0.461790907102646,38.0,False,15,signer1-F,الفلاح بنک.MP4,الفلاح بنک,الفلاح بنک,False,1.0,0.48749870133067597
155,4,ok,6,2,1.0,0.7911471954874063,1.0,,38.75,False,15,signer1-F,اکرم.MP4,اکرم,اکرم,False,1.0,0.7326721627204889
180,5,ok,6,1,0.6,0.8338309521093784,1.0,0.47049668909565917,36.0,False,15,signer1-F,تخلیق.MP4,تخلیق,تخلیق,False,1.0,0.3694502119089555
102,3,ok,3,0,0.6666666666666666,0.7421335664215141,1.0,,34.0,False,15,signer1-F,ثمر.MP4,ثمر,ثمر,False,1.0,0.5017251095648385
152,4,ok,4,0,0.5,0.8501071250326365,1.0,,38.0,False,15,signer1-F,جناح.MP4,جناح,جناح,False,1.0,0.29692674899778865
272,8,ok,6,-2,0.75,0.8587246630377781,1.0,0.6009804615767882,34.0,False,15,signer1-F,جوہر ٹاون.MP4,جوہر ٹاؤن,جوہر ٹاؤن,False,1.0,0.4692751096245125
210,6,ok,7,1,0.8333333333333334,0.84139974903176,1.0,0.7709726252775357,35.0,False,15,signer1-F,جیل روڈ.MP4,جیل روڈ,جیل روڈ,False,1.0,0.5825048747291514
263,8,ok,10,2,0.75,0.7913291040804065,1.0,0.4074177932267691,32.875,False,15,signer1-F,جے ایس بنک.MP4,جے ایس بنک,جے ایس بنک,False,1.0,0.5005515302649292
195,7,ok,7,0,0.7142857142857143,0.8636384796584863,1.0,0.31001325875442487,27.857142857142858,False,15,signer1-F,حبیب بنک.MP4,حبیب بنک,حبیب بنک,False,1.0,0.4895354035763807
280,8,ok,9,1,0.75,0.776639391528286,1.0,0.3334613896382881,35.0,False,15,signer1-F,دھرم پورہ.MP4,دھرم پورہ,دھرم پورہ,False,1.0,0.5352129664697907
153,4,ok,5,1,1.0,0.8257783681559036,1.0,,38.25,False,15,signer1-F,ذرات.MP4,ذرات,ذرات,False,1.0,0.744445136000168
256,7,ok,10,3,1.0,0.8040942725837771,1.0,0.2181248583574297,36.57142857142857,False,15,signer1-F,رائیونڈ.MP4,رائیونڈ,رائیونڈ,False,1.0,0.6988194355816268
160,4,ok,5,1,0.75,0.8308146861032168,1.0,,40.0,False,15,signer1-F,راحت.MP4,راحت,راحت,False,1.0,0.5100717060120245
203,5,ok,5,0,0.6,0.7849510754580539,1.0,0.5935379807506616,40.6,False,15,signer1-F,سروسز.MP4,سروسز,سروسز,False,1.0,0.41997836056007704
290,9,ok,9,0,0.5555555555555556,0.8798760456863769,1.0,0.6731795064302256,32.22222222222222,False,15,signer1-F,سونیری بنک.MP4,سونیری بنک,سونیری بنک,False,1.0,0.3346754167722747
178,5,ok,6,1,0.8,0.812703662106297,1.0,0.4248215775841254,35.6,False,15,signer1-F,سٹیشن.MP4,سٹیشن,سٹیشن,False,1.0,0.5648837756193789
150,16,ok,7,-9,0.5625,1.0030587340789443,1.0,0.0,9.375,True,9,signer1-F,سٹینڈرڈ چارٹرڈ بنك.MP4,سٹینڈرڈ چارٹرڈ,سٹینڈرڈ چارٹرڈ بنک,True,1.0,0.016678033574803647
197,7,ok,6,-1,0.8571428571428571,0.8512306827505924,1.0,0.23887005028968786,28.142857142857142,False,15,signer1-F,سٹیٹ بنک.MP4,سٹیٹ بنک,سٹیٹ بنک,False,1.0,0.6000412964731813
209,6,ok,6,0,0.8333333333333334,0.8422491127734644,1.0,0.48847137608207464,34.833333333333336,False,15,signer1-F,شاہدرہ.MP4,شاہدرہ,شاہدرہ,False,1.0,0.6099550540789939
117,3,ok,3,0,0.6666666666666666,0.8124892700124654,1.0,,39.0,False,15,signer1-F,ضلع.MP4,ضلع,ضلع,False,1.0,0.46907496741890153
170,4,ok,6,2,0.75,0.8580410675128848,1.0,,42.5,False,15,signer1-F,طاقت.MP4,طاقت,طاقت,False,1.0,0.46959234745910033
189,4,ok,5,1,0.75,0.7699201264265898,1.0,,47.25,False,15,signer1-F,ظروف.MP4,ظروف,ظروف,False,1.0,0.5383311921357881
121,3,ok,4,1,1.0,0.7729621394107403,1.0,,40.333333333333336,False,15,signer1-F,ظلم.MP4,ظلم,ظلم,False,1.0,0.7689556914793358
190,5,ok,5,0,0.8,0.7733739039594807,1.0,0.6781779330082222,38.0,False,15,signer1-F,عمران.MP4,عمران,عمران,False,1.0,0.6109799775942845
287,8,ok,8,0,0.875,0.7621932109205065,1.0,0.37121936835844715,35.875,False,15,signer1-F,عکسری بنک.MP4,عسکری بنک,عسکری بنک,False,1.0,0.6857794930607175
127,4,ok,4,0,0.5,0.7911094227809897,1.0,,31.75,False,15,signer1-F,غائب.MP4,غائب,غائب,False,1.0,0.3243059558919356
245,7,ok,9,2,0.8571428571428571,0.8111966022910392,1.0,0.5646734081830856,35.0,False,15,signer1-F,غیر حاضر.MP4,غیر حاضر,غیر حاضر,False,1.0,0.5907756637270427
267,7,ok,11,4,1.0,0.6832817754224326,1.0,0.4059539805844108,38.142857142857146,False,15,signer1-F,فیصل بنک.MP4,فیصل بنک,فیصل بنک,False,1.0,0.7270408387547258
215,6,ok,8,2,1.0,0.821222940493763,1.0,0.4410517285069121,35.833333333333336,False,15,signer1-F,مال روڈ.MP4,مال روڈ,مال روڈ,False,1.0,0.7187148387299319
175,5,ok,4,-1,0.6,0.7316694101175604,1.0,0.5671977197310895,35.0,False,15,signer1-F,مالمو.MP4,مالمو,مالمو,False,1.0,0.416860566686645
298,8,ok,10,2,0.75,0.796678740743778,1.0,0.460503520142346,37.25,False,15,signer1-F,ماڈل ٹاون.MP4,ماڈل ٹاؤن,ماڈل ٹاؤن,False,1.0,0.4980689113929226
298,8,ok,11,3,0.625,0.7591431510938405,1.0,0.828473014395979,37.25,False,15,signer1-F,میزان بنک.MP4,میزان بنک,میزان بنک,False,1.0,0.37162569110534105
133,3,ok,2,-1,0.6666666666666666,0.8343179317294035,1.0,,44.333333333333336,False,15,signer1-F,میو.MP4,میو,میو,False,1.0,0.4311005417461343
208,4,ok,7,3,1.0,0.7736965101726658,1.0,,52.0,False,15,signer1-F,ولید.MP4,ولید,ولید,False,1.0,0.7129261989708691
372,12,ok,13,1,0.8333333333333334,0.8406185583545596,1.0,1.1061878218166412,31.0,False,15,signer1-F,ٹھوکر نیاز بیگ.MP4,ٹھوکر نیاز بیگ,ٹھوکر نیاز بیگ,False,1.0,0.5828674037829714
178,5,ok,6,1,0.8,0.7659622716744318,1.0,0.37945252787048056,35.6,False,15,signer1-F,چلڈرن.MP4,چلڈرن,چلڈرن,False,1.0,0.5865751661365141
124,4,ok,4,0,0.75,0.7930144977466115,1.0,,31.0,False,15,signer1-F,ڈوسے.MP4,ڈوسے,ڈوسے,False,1.0,0.55545807682153
322,8,ok,11,3,0.875,0.780024471087313,1.0,0.8396236402154497,40.25,False,15,signer1-F,ژالہ باری.MP4,ژالہ باری,ژالہ باری,False,1.0,0.59397145994218
185,4,ok,4,0,1.0,0.7998217784913013,1.0,,46.25,False,15,signer1-F,کومل.MP4,کومل,کومل,False,1.0,0.7843352192156843
357,12,ok,13,1,0.6666666666666666,0.8434339230945119,1.0,0.4286044044825743,29.75,False,15,signer1-F,کیکس اینڈ بیکس.MP4,کیکس اینڈ بیکس,کیکس اینڈ بیکس,False,1.0,0.4268700615052942
216,7,ok,8,1,0.7142857142857143,0.843898474717825,1.0,0.6060888961200327,30.857142857142858,False,15,signer1-F,گنگا رام.MP4,گنگا رام,گنگا رام,False,1.0,0.47085184994262536
192,5,ok,8,3,0.8,0.7774032379406725,1.0,0.19015000603047172,38.4,False,15,signer1-F,گورمے.MP4,گورمے,گورمے,False,1.0,0.5255770378633142
154,5,ok,4,-1,0.4,0.6535044457801393,1.0,0.3326874195315366,30.8,False,15,signer1-F,گھرکی.MP4,گھرکی,گھرکی,False,1.0,0.2675058004686954
388,11,ok,13,2,0.7272727272727273,0.798366692818355,1.0,0.33129302908748237,35.27272727272727,False,15,signer1-F,یونائیٹڈ بنک.MP4,یونائیٹڈ بنک,یونائیٹڈ بنک,False,1.0,0.4761913781315212
221,7,ok,6,-1,0.5714285714285714,0.8067365843449722,1.0,0.2492557292207062,31.571428571428573,False,15,signer2-F,آئی یونٹ.MP4,آئی یونٹ,آئی یونٹ,False,1.0,0.3555055365038007
184,6,ok,5,-1,0.6666666666666666,0.80407004282201,1.0,0.2452940392783687,30.666666666666668,False,15,signer2-F,آرٹیکل.MP4,آرٹیکل,آرٹیکل,False,1.0,0.44513775297470526
101,3,ok,3,0,0.6666666666666666,0.7627729654845135,1.0,,33.666666666666664,False,15,signer2-F,آڑو.MP4,آڑو,آڑو,False,1.0,0.49214693354187405
270,9,ok,8,-1,0.8888888888888888,0.7938514481881083,1.0,0.2753451562591385,30.0,False,15,signer2-F,الائیڈ بنک.MP4,الائیڈ بنک,الائیڈ بنک,False,1.0,0.6561343331627106
265,9,ok,10,1,0.7777777777777778,0.8426426340473245,1.0,0.6663076028552929,29.444444444444443,False,15,signer2-F,الحبیب بنک.MP4,الحبیب بنک,الحبیب بنک,False,1.0,0.5303644830200729
238,9,ok,6,-3,0.5555555555555556,0.8214615963196796,1.0,0.24473647404375043,26.444444444444443,False,15,signer2-F,الفلا ح بنک.MP4,الفلاح بنک,الفلاح بنک,False,1.0,0.2782509151547552
143,4,ok,4,0,0.75,0.785236419370947,1.0,,35.75,False,15,signer2-F,اکرم.MP4,اکرم,اکرم,False,1.0,0.559067668533727
178,5,ok,5,0,1.0,0.8326086638538828,1.0,0.4485805276602166,35.6,False,15,signer2-F,تخلیق.MP4,تخلیق,تخلیق,False,1.0,0.7691197297390285
112,3,ok,3,0,0.6666666666666666,0.7942560844613957,1.0,,37.333333333333336,False,15,signer2-F,ثمر.MP4,ثمر,ثمر,False,1.0,0.47753648609657473
153,4,ok,5,1,0.75,0.7774398926570087,1.0,,38.25,False,15,signer2-F,جناح.MP4,جناح,جناح,False,1.0,0.5348414759678586
275,8,ok,10,2,0.875,0.7823870605728399,1.0,0.4242415149777806,34.375,False,15,signer2-F,جوہر ٹاون.MP4,جوہر ٹاؤن,جوہر ٹاؤن,False,1.0,0.6207193929479029
187,6,ok,6,0,0.6666666666666666,0.7770578229156508,1.0,0.28980057798424075,31.166666666666668,False,15,signer2-F,جیل روڈ.MP4,جیل روڈ,جیل روڈ,False,1.0,0.48551772507893615
214,8,ok,5,-3,0.625,0.8243970246983797,1.0,0.2858446582460748,26.75,False,15,signer2-F,جے ایس بنک.MP4,جے ایس بنک,جے ایس بنک,False,1.0,0.3413431675853115
182,7,ok,7,0,0.7142857142857143,0.8741600068810144,1.0,0.2946262418952693,26.0,False,15,signer2-F,حبیب بنک.MP4,حبیب بنک,حبیب بنک,False,1.0,0.4846526528984091
258,8,ok,10,2,1.0,0.8139712035555089,1.0,0.239986850395848,32.25,False,15,signer2-F,دھرم پورہ.MP4,دھرم پورہ,دھرم پورہ,False,1.0,0.7220801698936358
153,4,ok,4,0,0.5,0.7674464466980632,1.0,,38.25,False,15,signer2-F,ذرات.MP4,ذرات,ذرات,False,1.0,0.33528729064192775
235,7,ok,8,1,0.5714285714285714,0.7987150732725046,1.0,0.6184365746507083,33.57142857142857,False,15,signer2-F,رائیونڈ.MP4,رائیونڈ,رائیونڈ,False,1.0,0.35922809861850835
157,4,ok,5,1,1.0,0.7577957175752493,1.0,,39.25,False,15,signer2-F,راحت.MP4,راحت,راحت,False,0.9872611464968153,0.7759940096752997
128,5,ok,4,-1,0.4,0.8949011776487689,1.0,0.13323467750529827,25.6,False,15,signer2-F,سروسز.MP4,سروسز,سروسز,False,1.0,0.1554802331472554
195,9,ok,7,-2,0.5555555555555556,0.8946366938612131,1.0,0.1842569327975222,21.666666666666668,False,15,signer2-F,سونیری بنک.MP4,سونیری بنک,سونیری بنک,False,1.0,0.272136715657602
136,5,ok,4,-1,0.6,0.8397409472633618,1.0,0.4350215883731672,27.2,False,15,signer2-F,سٹیشن.MP4,سٹیشن,سٹیشن,False,1.0,0.366707546112004
450,13,ok,17,4,0.9230769230769231,0.7931358421490938,1.0,0.5488781005994715,34.61538461538461,False,15,signer2-F,سٹینڈرڈچارٹرڈ.MP4,سٹینڈرڈ چارٹرڈ,سٹینڈرڈ چارٹرڈ,False,1.0,0.6046648372911474
201,7,ok,6,-1,0.5714285714285714,0.8179176297843536,1.0,0.36253554380516473,28.714285714285715,False,15,signer2-F,سٹیٹ بنک.MP4,سٹیٹ بنک,سٹیٹ بنک,False,1.0,0.3503167216060284
220,6,ok,7,1,0.8333333333333334,0.774261924585115,1.0,0.40650281295544166,36.666666666666664,False,15,signer2-F,شاہدرہ.MP4,شاہدرہ,شاہدرہ,False,1.0,0.6136616878895538
131,3,ok,5,2,1.0,0.7806603894267045,1.0,,43.666666666666664,False,15,signer2-F,ضلع.MP4,ضلع,ضلع,False,1.0,0.7375388002646102
140,4,ok,5,1,1.0,0.8616574103589033,1.0,,35.0,False,15,signer2-F,طاقت.MP4,طاقت,طاقت,False,1.0,0.7277946617927197
139,4,ok,3,-1,0.75,0.6716073104391321,1.0,,34.75,False,15,signer2-F,ظروف.MP4,ظروف,ظروف,False,1.0,0.5839554592942887
108,3,ok,3,0,0.3333333333333333,0.7710766124486622,1.0,,36.0,False,15,signer2-F,ظلم.MP4,ظلم,ظلم,False,1.0,0.17891182168140282
188,8,ok,5,-3,0.375,0.8855561436861504,1.0,0.11134044285378081,23.5,False,15,signer2-F,عسکری بنک.MP4,عسکری بنک,عسکری بنک,False,1.0,0.08092469308659402
206,5,ok,6,1,0.6,0.6988635661863973,1.0,0.7031001394098266,41.2,False,15,signer2-F,عمران.MP4,عمران,عمران,False,1.0,0.4320848543122422
140,4,ok,5,1,0.75,0.7861768350695957,1.0,,35.0,False,15,signer2-F,غائب.MP4,غائب,غائب,False,1.0,0.5307869018945134
220,7,ok,6,-1,0.5714285714285714,0.8227659426347284,1.0,0.5624805763313505,31.428571428571427,False,15,signer2-F,غیر حاضر.MP4,غیر حاضر,غیر حاضر,False,1.0,0.34806675329282577
204,7,ok,7,0,0.8571428571428571,0.8246527162662166,1.0,0.36488213148037785,29.142857142857142,False,15,signer2-F,فیصل بنک.MP4,فیصل بنک,فیصل بنک,False,1.0,0.6402197435377714
189,6,ok,6,0,0.5,0.800660343720801,1.0,0.34572623160375743,31.5,False,15,signer2-F,مال روڈ.MP4,مال روڈ,مال روڈ,False,1.0,0.319873636827621
161,5,ok,6,1,0.8,0.8034455260059733,1.0,0.1456912737012479,32.2,False,15,signer2-F,مالمو.MP4,مالمو,مالمو,False,1.0,0.5691802213125304
259,8,ok,11,3,0.625,0.8268929800987056,1.0,0.2916610405434508,32.375,False,15,signer2-F,ماڈل ٹاون.MP4,ماڈل ٹاؤن,ماڈل ٹاؤن,False,1.0,0.3401848635040339
245,8,ok,7,-1,0.625,0.8443319943929711,1.0,0.2573528447191368,30.625,False,15,signer2-F,میزان بنک.MP4,میزان بنک,میزان بنک,False,1.0,0.38778058909564483
114,3,ok,3,0,0.6666666666666666,0.7830442401621156,1.0,,38.0,False,15,signer2-F,میو.MP4,میو,میو,False,1.0,0.482739593896021
133,4,ok,4,0,0.5,0.8464531425535486,1.0,,33.25,False,15,signer2-F,ولید.MP4,ولید,ولید,False,1.0,0.2986224615164867
340,12,ok,12,0,0.8333333333333334,0.8361811845811226,1.0,0.3948762752144939,28.333333333333332,False,15,signer2-F,ٹھوکر نیاز بیگ.MP4,ٹھوکر نیاز بیگ,ٹھوکر نیاز بیگ,False,1.0,0.6127710122444208
148,5,ok,5,0,0.4,0.7605020548485208,1.0,0.6890951102757276,29.6,False,15,signer2-F,چلڈرن.MP4,چلڈرن,چلڈرن,False,1.0,0.24569550594697037
144,4,ok,6,2,0.75,0.7748201485440451,1.0,,36.0,False,15,signer2-F,ڈوسے.MP4,ڈوسے,ڈوسے,False,1.0,0.5082128813343039
276,8,ok,9,1,0.875,0.8523450900355427,1.0,0.6449452813645634,34.5,False,15,signer2-F,ژالہ باری.MP4,ژالہ باری,ژالہ باری,False,1.0,0.6160981460431604
138,4,ok,4,0,0.75,0.8528138850840884,1.0,,34.5,False,15,signer2-F,کومل.MP4,کومل,کومل,False,1.0,0.5277068299836023
349,12,ok,10,-2,0.5833333333333334,0.8586579956660981,1.0,0.3712415821767643,29.083333333333332,False,15,signer2-F,کیکس اینڈ بیکس.MP4,کیکس اینڈ بیکس,کیکس اینڈ بیکس,False,1.0,0.31461523898468646
232,7,ok,7,0,0.8571428571428571,0.7835317294824713,1.0,0.4181767727405578,33.142857142857146,False,15,signer2-F,گنگارام.MP4,گنگا رام,گنگا رام,False,1.0,0.6593028596910318
170,5,ok,5,0,0.6,0.730483478081756,1.0,0.17149858514250885,34.0,False,15,signer2-F,گورمے.MP4,گورمے,گورمے,False,1.0,0.4452552706884054
154,5,ok,5,0,0.8,0.7741823877527021,1.0,0.32767271825794014,30.8,False,15,signer2-F,گھرکی.MP4,گھرکی,گھرکی,False,1.0,0.6106047825578618
287,10,ok,11,1,0.8,0.8425519364637358,1.0,0.49981115997760467,28.7,False,15,signer2-F,یونائیڈ بنک.MP4,یونائیٹڈ بنک,یونائیڈ بنک,True,1.0,0.2755160072425122
221,7,ok,8,1,1.0,0.7831522110538911,1.0,0.21653253922423407,31.571428571428573,False,15,signer3-F,آئی یونٹ.MP4,آئی یونٹ,آئی یونٹ,False,1.0,0.7642267601966567
197,6,ok,7,1,0.8333333333333334,0.7921526733737654,1.0,0.5081138208780405,32.833333333333336,False,15,signer3-F,آرٹیکل.MP4,آرٹیکل,آرٹیکل,False,1.0,0.6053590846714428
223,9,ok,5,-4,0.3333333333333333,0.8460157142604606,1.0,0.4656072631057103,24.77777777777778,False,15,signer3-F,الائیڈ بنک.MP4,الائیڈ بنک,الائیڈ بنک,False,1.0,0.032757268224681425
219,9,ok,7,-2,0.7777777777777778,0.8820188335407314,1.0,0.26004709149674865,24.333333333333332,False,15,signer3-F,الحبیب بنک.MP4,الحبیب بنک,الحبیب بنک,False,1.0,0.4842467288967239
232,9,ok,6,-3,0.5555555555555556,0.8692890016204897,1.0,0.4361274542021532,25.77777777777778,False,15,signer3-F,الفلاح بنک.MP4,الفلاح بنک,الفلاح بنک,False,1.0,0.2560555350812109
142,4,ok,4,0,1.0,0.8380453928060846,1.0,,35.5,False,15,signer3-F,اکرم.MP4,اکرم,اکرم,False,1.0,0.7665966937371379
171,5,ok,7,2,1.0,0.8314862511538291,1.0,0.3307891890665501,34.2,False,15,signer3-F,تخلیق.MP4,تخلیق,تخلیق,False,1.0,0.7139519192388933
101,3,ok,2,-1,0.6666666666666666,0.8171090670849097,1.0,,33.666666666666664,False,15,signer3-F,ثمر.MP4,ثمر,ثمر,False,1.0,0.4390867013342701
113,4,ok,4,0,0.75,0.906469552377109,1.0,,28.25,True,15,signer3-F,جناح.MP4,جناح,جناح,False,1.0,0.5028067142198885
165,6,ok,3,-3,0.5,0.8455281515620084,1.0,0.4728069869091689,27.5,False,15,signer3-F,جیل روڈ.MP4,جیل روڈ,جیل روڈ,False,1.0,0.21551868740167368
200,8,ok,7,-1,0.625,0.7905147012683198,1.0,0.1706922120228847,25.0,False,15,signer3-F,جے ایس بنک.MP4,جے ایس بنک,جے ایس بنک,False,1.0,0.412755710951372
185,7,ok,5,-2,0.5714285714285714,0.8456006255291764,1.0,0.2967588981334834,26.428571428571427,False,15,signer3-F,حبیب بنک.MP4,حبیب بنک,حبیب بنک,False,1.0,0.3096254609302094
275,8,ok,9,1,1.0,0.7992969394270716,1.0,0.30602417167732626,34.375,False,15,signer3-F,دھرم پورہ.MP4,دھرم پورہ,دھرم پورہ,False,1.0,0.7567344369110193
143,4,ok,5,1,1.0,0.7741098833566324,1.0,,35.75,False,15,signer3-F,ذرات.MP4,ذرات,ذرات,False,1.0,0.7684230551603476
220,7,ok,8,1,1.0,0.8050829567369184,1.0,0.3932208751141536,31.428571428571427,False,15,signer3-F,رائیونڈ.MP4,رائیونڈ,رائیونڈ,False,1.0,0.7540493058131384
155,4,ok,6,2,0.5,0.7323150549649975,1.0,,38.75,False,15,signer3-F,راحت.MP4,راحت,راحت,False,1.0,0.29590210959457863
161,5,ok,4,-1,0.6,0.8612954595320048,1.0,0.4042978977480056,32.2,False,15,signer3-F,سروسز.MP4,سروسز,سروسز,False,1.0,0.3567046912823631
201,9,ok,7,-2,0.6666666666666666,0.8772018485778421,1.0,0.2766681502244073,22.333333333333332,False,15,signer3-F,سونیری بنک.MP4,سونیری بنک,سونیری بنک,False,1.0,0.3833549527152499
152,5,ok,5,0,0.4,0.7519336876725973,1.0,0.14850558762785374,30.4,False,15,signer3-F,سٹیشن.MP4,سٹیشن,سٹیشن,False,1.0,0.24967184890103994
341,13,ok,12,-1,0.7692307692307693,0.8106000782121121,1.0,0.44061684594393985,26.23076923076923,False,15,signer3-F,سٹینڈرڈ چارٹرڈ.MP4,سٹینڈرڈ چارٹرڈ,سٹینڈرڈ چارٹرڈ,False,1.0,0.5373016876795805
148,7,ok,4,-3,0.42857142857142855,0.8971971447829796,1.0,0.34113667751865306,21.142857142857142,False,15,signer3-F,سٹیٹ بنک.MP4,سٹیٹ بنک,سٹیٹ بنک,False,1.0,0.12524447124178908
102,3,ok,4,1,1.0,0.8474635939568969,1.0,,34.0,False,15,signer3-F,ضلع.MP4,ضلع,ضلع,False,1.0,0.734381620624277
137,4,ok,5,1,0.75,0.8205563942894303,1.0,,34.25,False,15,signer3-F,طاقت.MP4,طاقت,طاقت,False,1.0,0.5148322963948874
181,4,ok,7,3,0.5,0.7808302409540094,1.0,,45.25,False,15,signer3-F,ظروف.MP4,ظروف,ظروف,False,1.0,0.24554320382436173
109,3,ok,3,0,0.6666666666666666,0.8288806935686883,1.0,,36.333333333333336,False,15,signer3-F,ظلم.MP4,ظلم,ظلم,False,1.0,0.4614681597008452
179,5,ok,7,2,1.0,0.8415609005050426,1.0,0.3087332958209907,35.8,False,15,signer3-F,عمران.MP4,عمران,عمران,False,1.0,0.7092765522594081
123,4,ok,4,0,0.25,0.7987214320689994,1.0,,30.75,False,15,signer3-F,غائب.MP4,غائب,غائب,False,1.0,0.0887372185711168
240,7,ok,8,1,0.8571428571428571,0.8267277431939036,1.0,0.15913969896597846,34.285714285714285,False,15,signer3-F,غیر حاضر.MP4,غیر حاضر,غیر حاضر,False,1.0,0.6114124351113582
172,7,ok,5,-2,0.7142857142857143,0.8393931518789576,1.0,0.2612684827952333,24.571428571428573,False,15,signer3-F,فیصل بنک.MP4,فیصل بنک,فیصل بنک,False,1.0,0.44509830040542914
155,6,ok,4,-2,0.3333333333333333,0.8480409527963211,1.0,0.40965847874070943,25.833333333333332,False,15,signer3-F,مال روڈ.MP4,مال روڈ,مال روڈ,False,1.0,0.0875061021476865
152,5,ok,5,0,1.0,0.8404467743261708,1.0,0.15275252316519466,30.4,False,15,signer3-F,مالمو.MP4,مالمو,مالمو,False,1.0,0.7654822787860305
260,8,ok,9,1,1.0,0.844200835062584,1.0,0.34641016151377546,32.5,False,15,signer3-F,ماڈل ٹاون.MP4,ماڈل ٹاؤن,ماڈل ٹاؤن,False,1.0,0.7358957770643375
195,8,ok,5,-3,0.375,0.8916821171966476,1.0,0.2605506837368685,24.375,False,15,signer3-F,میزان بنک.MP4,میزان بنک,میزان بنک,False,1.0,0.07808179768947228
114,3,ok,4,1,0.6666666666666666,0.7746583816521858,1.0,,38.0,False,15,signer3-F,میو.MP4,میو,میو,False,1.0,0.4587868939672544
194,4,ok,6,2,1.0,0.7289642462570445,1.0,,48.5,False,15,signer3-F,ولید.MP4,ولید,ولید,False,0.9948453608247423,0.7615295549118736
342,12,ok,11,-1,0.75,0.7849584238156327,1.0,0.5500425007433586,28.5,False,15,signer3-F,ٹھوکر نیاز بیگ.MP4,ٹھوکر نیاز بیگ,ٹھوکر نیاز بیگ,False,1.0,0.531352332962695
139,5,ok,4,-1,0.6,0.8594054013797677,1.0,0.2672612419124244,27.8,False,15,signer3-F,چلڈرن.MP4,چلڈرن,چلڈرن,False,1.0,0.3575818151569733
116,4,ok,4,0,0.75,0.8713423095986396,1.0,,29.0,False,15,signer3-F,ڈوسے.MP4,ڈوسے,ڈوسے,False,1.0,0.5191082990434873
260,8,ok,10,2,1.0,0.8071768031939455,1.0,0.667548722545889,32.5,False,15,signer3-F,ژالہ باری.MP4,ژالہ باری,ژالہ باری,False,1.0,0.7252332637620622
133,4,ok,5,1,0.75,0.8691814909498803,1.0,,33.25,False,15,signer3-F,کومل.MP4,کومل,کومل,False,1.0,0.4922667297557697
365,12,ok,12,0,0.75,0.827602278482852,1.0,0.6974304838321833,30.416666666666668,False,15,signer3-F,کیکس اینڈ بیکس.MP4,کیکس اینڈ بیکس,کیکس اینڈ بیکس,False,1.0,0.5394068414573513
220,7,ok,8,1,0.7142857142857143,0.83659137930459,1.0,0.4536663408155021,31.428571428571427,False,15,signer3-F,گنگارام.MP4,گنگا رام,گنگا رام,False,1.0,0.47424287144819
138,5,ok,4,-1,0.6,0.823058497411612,1.0,0.6367145399670133,27.6,False,15,signer3-F,گورمے.MP4,گورمے,گورمے,False,1.0,0.37444941110945895
154,5,ok,5,0,0.8,0.8491972919257178,1.0,0.39609058951462206,30.8,False,15,signer3-F,گھركی.MP4,گھرکی,گھرکی,False,1.0,0.5757924338881255
313,10,ok,9,-1,0.6,0.810193347130741,1.0,0.5226848438431897,31.3,False,15,signer3-F,یونائیڈ بنک.MP4,یونائیٹڈ بنک,یونائیڈ بنک,True,1.0,0.19020988631449737
96,7,ok,3,-4,0.42857142857142855,1.048844558366123,1.0,0.0,13.714285714285714,True,12,signer4-L,آئی یونٹ.MP4,آئی یونٹ,آئی یونٹ,False,1.0,0.027024742270187894
183,6,ok,6,0,0.5,0.6869521812897041,1.0,0.3378152113723846,30.5,False,15,signer4-L,آرٹیکل.MP4,آرٹیکل,آرٹیکل,False,1.0,0.3726424597806771
105,3,ok,3,0,0.6666666666666666,0.34692172512447295,1.0,,35.0,False,15,signer4-L,آڑو.MP4,آڑو,آڑو,False,0.9809523809523809,0.6851320280874396
185,10,ok,5,-5,0.4,0.7840302798983828,1.0,0.25951424899100023,18.5,False,15,signer4-L,الائیٹك بنک.MP4,الائیڈ بنک,الائیٹک بنک,True,1.0,0.04777748861001956
104,9,ok,4,-5,0.4444444444444444,0.9220902364972504,0.8313253012048193,0.0,11.555555555555555,True,9,signer4-L,الحبیب بنک.MP4,الحبیب بنک,الحبیب بنک,False,0.8557692307692307,0.025769674325545427
245,9,ok,8,-1,0.8888888888888888,0.7879330445826019,0.98989898989899,0.29051695076450434,27.22222222222222,False,15,signer4-L,الفلاح بنک.MP4,الفلاح بنک,الفلاح بنک,False,0.963265306122449,0.6560683409241924
126,4,ok,5,1,0.75,0.5821905407992477,1.0,,31.5,False,15,signer4-L,اکرم.MP4,اکرم,اکرم,False,0.9920634920634921,0.6254513166301282
173,5,ok,5,0,0.8,0.5120462477398008,0.8545454545454545,0.47294129592133854,34.6,False,15,signer4-L,تخلیق.MP4,تخلیق,تخلیق,False,0.8786127167630058,0.6917540709692794
112,3,ok,4,1,1.0,0.2750995324426119,1.0,,37.333333333333336,False,15,signer4-L,ثمر.MP4,ثمر,ثمر,False,0.9732142857142857,1.0
129,4,ok,4,0,0.75,0.5906020213890639,1.0,,32.25,False,15,signer4-L,جناح.MP4,جناح,جناح,False,0.9457364341085271,0.6493921260580872
192,8,ok,6,-2,0.375,0.7230543006119627,1.0,0.6634034720037774,24.0,False,15,signer4-L,جوہر ٹاؤن.MP4,جوہر ٹاؤن,جوہر ٹاؤن,False,0.9739583333333334,0.1841816634999996
191,6,ok,6,0,0.5,0.5955930785419359,1.0,0.33657280044590654,31.833333333333332,False,15,signer4-L,جیل روڈ.MP4,جیل روڈ,جیل روڈ,False,0.9633507853403142,0.41503970035668536
222,8,ok,8,0,0.75,0.6826758674050624,0.9886363636363636,0.2390206159778354,27.75,False,15,signer4-L,جے ایس بنک.MP4,جے ایس بنک,جے ایس بنک,False,0.9819819819819819,0.603499062651907
190,7,ok,7,0,0.7142857142857143,0.7561709994058007,1.0,0.282842712474619,27.142857142857142,False,15,signer4-L,حبیب بنک.MP4,حبیب بنک,حبیب بنک,False,0.9789473684210527,0.5394080980023539
234,8,ok,7,-1,0.75,0.6367953379302965,0.875,0.5278213291346612,29.25,False,15,signer4-L,دھرم پورہ.MP4,دھرم پورہ,دھرم پورہ,False,0.9102564102564102,0.5653053038245891
113,4,ok,4,0,0.5,0.7089750188935571,0.9090909090909091,,28.25,False,15,signer4-L,ذرات.MP4,ذرات,ذرات,False,0.9380530973451328,0.33710922658211023
242,7,ok,8,1,0.7142857142857143,0.6421389941839287,1.0,0.49569812462645246,34.57142857142857,False,15,signer4-L,رائیونڈ.MP4,رائیونڈ,رائیونڈ,False,0.987603305785124,0.5644828618222274
118,4,ok,3,-1,0.75,0.7358890695355779,1.0,,29.5,False,15,signer4-L,راحت.MP4,راحت,راحت,False,0.940677966101695,0.5541240673137277
170,5,ok,5,0,0.6,0.529673280954964,1.0,0.6266988744923202,34.0,False,15,signer4-L,سروسز.MP4,سروسز,سروسز,False,0.9588235294117647,0.5384457463129948
287,9,ok,12,3,1.0,0.6687529412647518,1.0,0.6513813066551184,31.88888888888889,False,15,signer4-L,سونیری بنک.MP4,سونیری بنک,سونیری بنک,False,0.9860627177700348,0.7616276157325657
130,5,ok,4,-1,0.6,0.6928966369618877,1.0,0.4155454593683958,26.0,False,15,signer4-L,سٹیشن.MP4,سٹیشن,سٹیشن,False,0.9461538461538461,0.43485394164150365
448,13,ok,14,1,0.8461538461538461,0.5476372587692545,1.0,0.5467783665526458,34.46153846153846,False,15,signer4-L,سٹینڈرڈچارٹرڈ.MP4,سٹینڈرڈ چارٹرڈ,سٹینڈرڈ چارٹرڈ,False,1.0,0.7307312396702815
171,7,ok,7,0,1.0,0.7763558783333179,0.987012987012987,0.15386185163241442,24.428571428571427,False,15,signer4-L,سٹیٹ بنک.MP4,سٹیٹ بنک,سٹیٹ بنک,False,0.9766081871345029,0.7916089476779788
215,6,ok,6,0,0.8333333333333334,0.6325082961834831,1.0,0.5149038425473497,35.833333333333336,False,15,signer4-L,شاہدرہ.MP4,شاہدرہ,شاہدرہ,False,0.9395348837209302,0.7072899839559303
87,3,ok,2,-1,0.6666666666666666,0.5343648529330195,0.9696969696969697,,29.0,False,15,signer4-L,ضلع.MP4,ضلع,ضلع,False,0.9540229885057471,0.5618628146272865
48,4,ok,1,-3,0.25,0.778356642953542,0.9473684210526315,,12.0,True,9,signer4-L,طاقت.MP4,طاقت,طاقت,False,0.8541666666666666,0.0
161,4,ok,4,0,0.75,0.513852723940599,1.0,,40.25,False,15,signer4-L,ظروف.MP4,ظروف,ظروف,False,0.9813664596273292,0.6850093588252039
86,3,ok,3,0,1.0,0.630106121772722,1.0,,28.666666666666668,False,15,signer4-L,ظلم.MP4,ظلم,ظلم,False,0.9767441860465116,0.8630955759945671
171,5,ok,5,0,1.0,0.6293319246343412,1.0,0.28577380332470415,34.2,False,15,signer4-L,عمران.MP4,عمران,عمران,False,0.9649122807017544,0.8634548595398512
257,8,ok,9,1,0.875,0.6629479499072595,1.0,0.30537659775334736,32.125,False,15,signer4-L,عکسری بنک.MP4,عسکری بنک,عسکری بنک,False,0.9844357976653697,0.7039921366025514
185,4,ok,4,0,0.5,0.3694351792292273,1.0,,46.25,False,15,signer4-L,غائب.MP4,غائب,غائب,False,1.0,0.5199933456633629
267,7,ok,7,0,0.7142857142857143,0.4906842040521704,1.0,0.48018947644095245,38.142857142857146,False,15,signer4-L,غیر حاضر.MP4,غیر حاضر,غیر حاضر,False,0.8913857677902621,0.6626131995611728
209,7,ok,6,-1,0.7142857142857143,0.6124478708960688,1.0,0.5727906479906367,29.857142857142858,False,15,signer4-L,فیصل بنک.MP4,فیصل بنک,فیصل بنک,False,0.9856459330143541,0.5782616934782561
193,6,ok,8,2,1.0,0.6772475753920557,1.0,0.28248203203340805,32.166666666666664,False,15,signer4-L,مال روڈ.MP4,مال روڈ,مال روڈ,False,0.9689119170984456,0.785529835896537
123,5,ok,4,-1,0.6,0.5209988972148972,1.0,0.24922473148849664,24.6,False,15,signer4-L,مالمو.MP4,مالمو,مالمو,False,0.991869918699187,0.5146269429881403
239,8,ok,8,0,0.5,0.6041113779328554,1.0,0.470002097202301,29.875,False,15,signer4-L,ماڈل ٹاؤن.MP4,ماڈل ٹاؤن,ماڈل ٹاؤن,False,0.9832635983263598,0.41108659248113655
228,8,ok,8,0,1.0,0.5840333280607698,1.0,0.501176793117448,28.5,False,15,signer4-L,میزان بنک.MP4,میزان بنک,میزان بنک,False,0.9736842105263158,0.8844766892089497
91,3,ok,3,0,0.6666666666666666,0.6180002776402367,1.0,,30.333333333333332,False,15,signer4-L,میو.MP4,میو,میو,False,0.989010989010989,0.5593319462090338
117,4,ok,4,0,0.5,0.6725279443909188,1.0,,29.25,False,15,signer4-L,ولید.MP4,ولید,ولید,False,1.0,0.37933635041149416
273,12,ok,8,-4,0.6666666666666666,0.681601057073817,1.0,0.41611809143020057,22.75,False,15,signer4-L,ٹھوکر نیاز بیگ.MP4,ٹھوکر نیاز بیگ,ٹھوکر نیاز بیگ,False,0.9926739926739927,0.41843919554086256
136,5,ok,2,-3,0.4,0.7734247496687144,1.0,0.02839427553391602,27.2,False,15,signer4-L,چلڈرن.MP4,چلڈرن,چلڈرن,False,0.9558823529411765,0.1561654026638206
108,4,ok,2,-2,0.5,0.6587067742117962,1.0,,27.0,False,15,signer4-L,ڈوسے.MP4,ڈوسے,ڈوسے,False,0.9629629629629629,0.33006168311946277
58,8,ok,2,-6,0.5,0.7925975666802035,1.0,0.0,7.25,True,5,signer4-L,ژالہ باری.MP4,ژالہ باری,ژالہ باری,False,1.0,0.15654927548119163
107,4,ok,2,-2,0.5,0.7498443445599907,1.0,,26.75,False,15,signer4-L,کومل.MP4,کومل,کومل,False,0.9813084112149533,0.2877672496218694
336,12,ok,13,1,0.8333333333333334,0.7147059216187598,1.0,0.6984479086969242,28.0,False,15,signer4-L,کیکس اینڈ بیکس.MP4,کیکس اینڈ بیکس,کیکس اینڈ بیکس,False,1.0,0.6412999867515872
201,7,ok,6,-1,0.7142857142857143,0.6528399979203486,0.948051948051948,0.4721987215278933,28.714285714285715,False,15,signer4-L,گنگارام.MP4,گنگا رام,گنگا رام,False,0.9552238805970149,0.5450522259034761
177,5,ok,6,1,0.8,0.5134200328843196,1.0,0.3782412011534439,35.4,False,15,signer4-L,گورمے.MP4,گورمے,گورمے,False,0.9887005649717514,0.7037730559094593
132,5,ok,3,-2,0.6,0.581343431519758,0.8727272727272727,0.1999275318534094,26.4,False,15,signer4-L,گھرکی.MP4,گھرکی,گھرکی,False,0.8181818181818182,0.42334010473925526
434,10,ok,14,4,0.8,0.5783977225776176,1.0,0.5353612996099271,43.4,False,15,signer4-L,یونائیڈ بنک.MP4,یونائیٹڈ بنک,یونائیڈ بنک,True,0.9976958525345622,0.2950428323989784
195,6,ok,7,1,0.3333333333333333,0.6964384372026885,1.0,0.0,32.5,False,15,signer5-R,آرٹیکل.MP4,آرٹیکل,آرٹیکل,False,0.9897435897435898,0.18570499520031067
124,3,ok,3,0,0.6666666666666666,0.6459950151513716,0.8484848484848485,,41.333333333333336,False,15,signer5-R,آڑو.MP4,آڑو,آڑو,False,0.9112903225806451,0.5041519579285132
252,9,ok,9,0,0.6666666666666666,0.23750902332770796,0.9090909090909091,0.7950845633622483,28.0,False,15,signer5-R,الفلاح بنک.MP4,الفلاح بنک,الفلاح بنک,False,0.8928571428571429,0.7105944047033699
192,5,ok,6,1,0.8,0.6869310413054577,1.0,0.47142162762683976,38.4,False,15,signer5-R,تخلیق.MP4,تخلیق,تخلیق,False,0.9895833333333334,0.6232513810531846
97,3,ok,2,-1,0.3333333333333333,0.8562602756901839,1.0,,32.333333333333336,False,15,signer5-R,ثمر.MP4,ثمر,ثمر,False,0.979381443298969,0.11153608666404749
210,8,ok,7,-1,0.875,0.6711823493997223,0.7613636363636364,0.26489861243588286,26.25,False,15,signer5-R,جے ایس بنک.MP4,جے ایس بنک,جے ایس بنک,False,0.8666666666666667,0.633724044920767
273,8,ok,7,-1,0.625,0.52759222542262,0.5227272727272727,0.5976253551253974,34.125,False,15,signer5-R,دھرم پورہ.MP4,دھرم پورہ,دھرم پورہ,False,0.5494505494505495,0.40187731468905685
136,4,ok,5,1,1.0,0.587430763094268,0.5227272727272727,,34.0,False,15,signer5-R,ذرات.MP4,ذرات,ذرات,False,0.8014705882352942,0.7221622198003828
106,3,ok,2,-1,0.3333333333333333,0.8291798916758434,0.8787878787878788,,35.333333333333336,False,15,signer5-R,سمر.MP4,سمر,سمر,False,0.8867924528301887,0.09035262421639619
231,9,ok,6,-3,0.4444444444444444,0.751256586948861,1.0,0.20995626366712955,25.666666666666668,False,15,signer5-R,سونیری بنک.MP4,سونیری بنک,سونیری بنک,False,0.9956709956709957,0.207703918182276
215,7,ok,8,1,0.8571428571428571,0.7291907073992421,1.0,0.14385187520314954,30.714285714285715,False,15,signer5-R,سٹیٹ بنک.MP4,سٹیٹ بنک,سٹیٹ بنک,False,0.986046511627907,0.6566766840726694
232,6,ok,6,0,0.3333333333333333,0.44849464771791697,0.9848484848484849,0.7897269395514215,38.666666666666664,False,15,signer5-R,شاہدرہ.MP4,شاہدرہ,شاہدرہ,False,0.9827586206896551,0.3243943768361339
115,3,ok,4,1,1.0,0.8139123963640236,1.0,,38.333333333333336,False,15,signer5-R,ضلع.MP4,ضلع,ضلع,False,1.0,0.7499518063329254
148,4,ok,4,0,0.5,0.666392502834323,0.5681818181818182,,37.0,False,15,signer5-R,طاقت.MP4,طاقت,طاقت,False,0.8513513513513513,0.2619466925721616
154,4,ok,4,0,0.5,0.533082806209232,0.4772727272727273,,38.5,False,15,signer5-R,ظروف.MP4,ظروف,ظروف,False,0.8246753246753247,0.29849900558531545
109,3,ok,3,0,0.6666666666666666,0.6671273459892156,0.6666666666666666,,36.333333333333336,False,15,signer5-R,ظلم.MP4,ظلم,ظلم,False,0.8165137614678899,0.44371894287264374
215,8,ok,7,-1,0.625,0.725555596003874,0.6590909090909091,0.36063348982003046,26.875,False,15,signer5-R,عسکری بنک.MP4,عسکری بنک,عسکری بنک,False,0.813953488372093,0.34797753501051615
203,8,ok,8,0,0.875,0.8334168939018537,1.0,0.3963883649547564,25.375,False,15,signer5-R,عكسری بنک.MP4,عسکری بنک,عسکری بنک,False,0.9901477832512315,0.6527265456121581
157,4,ok,4,0,0.25,0.5294318121438768,0.7727272727272727,,39.25,False,15,signer5-R,غائب.MP4,غائب,غائب,False,0.8853503184713376,0.15042450242523203
271,7,ok,9,2,0.8571428571428571,0.7445256533734644,1.0,0.7056520318819003,38.714285714285715,False,15,signer5-R,غیر حاضر.MP4,غیر حاضر,غیر حاضر,False,0.966789667896679,0.6217158128273823
180,5,ok,6,1,0.8,0.7699943266339151,1.0,0.1750101089919753,36.0,False,15,signer5-R,مالمو.MP4,مالمو,مالمو,False,1.0,0.5847040006041109
109,4,ok,3,-1,0.5,0.8465026360231883,0.8863636363636364,,27.25,False,15,signer5-R,ڈوسے.MP4,ڈوسے,ڈوسے,False,0.9174311926605505,0.23911384545144146
249,8,ok,8,0,0.75,0.5594199375622303,0.42045454545454547,0.5966052896023053,31.125,False,15,signer5-R,ژالہ باری.MP4,ژالہ باری,ژالہ باری,False,0.7028112449799196,0.5024922318675462
359,12,ok,12,0,0.6666666666666666,0.7132258202713349,0.8257575757575758,0.5240218728713257,29.916666666666668,False,15,signer5-R,کیکس اینڈ بیکس.MP4,کیکس اینڈ بیکس,کیکس اینڈ بیکس,False,0.9192200557103064,0.4666237346278918
163,5,ok,4,-1,0.4,0.7520746097588703,1.0,0.5673803300762867,32.6,False,15,signer5-R,گورمے.MP4,گورمے,گورمے,False,1.0,0.22176210520320153
349,12,ok,11,-1,0.5833333333333334,0.5464945985629971,0.44696969696969696,1.0863926409620206,29.083333333333332,False,15,signer5-R,یونائینٹد بنک.MP4,یونائیٹڈ بنک,یونائینٹد بنک,True,0.7335243553008596,0.1666691704876947
