sheet,signer_id,spelling,n_letters,alignment_confidence,mean_pick_depth,quality,verdict,n_letters_correct,notes
signer1-F__00.png,signer1-F,سٹینڈرڈ چارٹرڈ بنک,16,0.5625,1.0030587340789443,0.016678033574803647,,,
signer1-F__01.png,signer1-F,گنگا رام,7,0.7142857142857143,0.843898474717825,0.47085184994262536,,,
signer1-F__02.png,signer1-F,ٹھوکر نیاز بیگ,12,0.8333333333333334,0.8406185583545596,0.5828674037829714,,,
signer1-F__03.png,signer1-F,کومل,4,1.0,0.7998217784913013,0.7843352192156843,,,
signer2-F__04.png,signer2-F,عسکری بنک,8,0.375,0.8855561436861504,0.08092469308659402,,,
signer2-F__05.png,signer2-F,رائیونڈ,7,0.5714285714285714,0.7987150732725046,0.35922809861850835,,,
signer2-F__06.png,signer2-F,اکرم,4,0.75,0.785236419370947,0.559067668533727,,,
signer2-F__07.png,signer2-F,راحت,4,1.0,0.7577957175752493,0.7759940096752997,,,
signer3-F__08.png,signer3-F,الائیڈ بنک,9,0.3333333333333333,0.8460157142604606,0.032757268224681425,,,
signer3-F__09.png,signer3-F,سونیری بنک,9,0.6666666666666666,0.8772018485778421,0.3833549527152499,,,
signer3-F__10.png,signer3-F,کیکس اینڈ بیکس,12,0.75,0.827602278482852,0.5394068414573513,,,
signer3-F__11.png,signer3-F,ذرات,4,1.0,0.7741098833566324,0.7684230551603476,,,
signer4-L__12.png,signer4-L,طاقت,4,0.25,0.778356642953542,0.0,,,
signer4-L__13.png,signer4-L,گھرکی,5,0.6,0.581343431519758,0.42334010473925526,,,
signer4-L__14.png,signer4-L,جناح,4,0.75,0.5906020213890639,0.6493921260580872,,,
signer4-L__15.png,signer4-L,ثمر,3,1.0,0.2750995324426119,1.0,,,
signer5-R__16.png,signer5-R,سمر,3,0.3333333333333333,0.8291798916758434,0.09035262421639619,,,
signer5-R__17.png,signer5-R,طاقت,4,0.5,0.666392502834323,0.2619466925721616,,,
signer5-R__18.png,signer5-R,مالمو,5,0.8,0.7699943266339151,0.5847040006041109,,,
signer5-R__19.png,signer5-R,ضلع,3,1.0,0.8139123963640236,0.7499518063329254,,,
